‚Ññ,–ù–∞–∑–≤–∞–Ω–∏–µ –∑–∞–≤—Ç—Ä–∞–∫–∞:,–ò–Ω–≥—Ä–µ–¥–∏–µ–Ω—Ç—ã –Ω–∞ 1 –ø–æ—Ä—Ü–∏—é:,–ü—Ä–∏–≥–æ—Ç–æ–≤–ª–µ–Ω–∏–µ:,–ö–∞–∫–æ–µ –±–ª—é–¥–æ,–ë–ª—é–¥–æ –∏–∑,–¢–∏–ø –±–ª—é–¥–∞
1,"–°—É–ø –æ–≤–æ—â–Ω–æ–π —Å –±—Ä–æ–∫–∫–æ–ª–∏, —Ü–≤–µ—Ç–Ω–æ–π –∫–∞–ø—É—Å—Ç–æ–π, –∫–∞–±–∞—á–∫–æ–º –∏ –º–æ—Ä–∫–æ–≤—å—é","ü•ï –ú–æ—Ä–∫–æ–≤—å ‚Äì 1/2 —Å—Ä–µ–¥–Ω–µ–π (–æ–∫–æ–ª–æ 50 –≥)
ü•î –ö–∞—Ä—Ç–æ—Ñ–µ–ª—å ‚Äì 1 –Ω–µ–±–æ–ª—å—à–æ–π (–æ–∫–æ–ª–æ 70 –≥)
ü•¶ –ë—Ä–æ–∫–∫–æ–ª–∏ ‚Äì 3-4 —Å–æ—Ü–≤–µ—Ç–∏—è (–æ–∫–æ–ª–æ 50 –≥)
ü•¨ –¶–≤–µ—Ç–Ω–∞—è –∫–∞–ø—É—Å—Ç–∞ ‚Äì 3-4 —Å–æ—Ü–≤–µ—Ç–∏—è (–æ–∫–æ–ª–æ 50 –≥)
ü•í –ö–∞–±–∞—á–æ–∫ ‚Äì 50 –≥
–í–æ–¥–∞ –∏–ª–∏ –æ–≤–æ—â–Ω–æ–π –±—É–ª—å–æ–Ω ‚Äì 300-350 –º–ª
üßÇ –°–æ–ª—å ‚Äì —â–µ–ø–æ—Ç–∫–∞
–õ–∞–≤—Ä–æ–≤—ã–π –ª–∏—Å—Ç ‚Äì 1 —à—Ç. (–ø–æ –∂–µ–ª–∞–Ω–∏—é)
üåø –ó–µ–ª–µ–Ω—å (—É–∫—Ä–æ–ø, –ø–µ—Ç—Ä—É—à–∫–∞) ‚Äì –¥–ª—è –ø–æ–¥–∞—á–∏","–û—á–∏—Å—Ç–∏—Ç–µ –∫–∞—Ä—Ç–æ—Ñ–µ–ª—å, –º–æ—Ä–∫–æ–≤—å –∏ –∫–∞–±–∞—á–æ–∫. –ù–∞—Ä–µ–∂—å—Ç–µ –∫–∞—Ä—Ç–æ—Ñ–µ–ª—å –∫—É–±–∏–∫–∞–º–∏, –º–æ—Ä–∫–æ–≤—å ‚Äì –∫—Ä—É–∂–æ—á–∫–∞–º–∏, –∫–∞–±–∞—á–æ–∫ ‚Äì –∫—É–±–∏–∫–∞–º–∏. –†–∞–∑–±–µ—Ä–∏—Ç–µ –±—Ä–æ–∫–∫–æ–ª–∏ –∏ —Ü–≤–µ—Ç–Ω—É—é –∫–∞–ø—É—Å—Ç—É –Ω–∞ –Ω–µ–±–æ–ª—å—à–∏–µ —Å–æ—Ü–≤–µ—Ç–∏—è.
–í –∫–∞—Å—Ç—Ä—é–ª—é –Ω–∞–ª–µ–π—Ç–µ –≤–æ–¥—É –∏–ª–∏ –æ–≤–æ—â–Ω–æ–π –±—É–ª—å–æ–Ω –∏ –¥–æ–≤–µ–¥–∏—Ç–µ –¥–æ –∫–∏–ø–µ–Ω–∏—è. –î–æ–±–∞–≤—å—Ç–µ –∫–∞—Ä—Ç–æ—Ñ–µ–ª—å –∏ –º–æ—Ä–∫–æ–≤—å, –≤–∞—Ä–∏—Ç–µ –Ω–∞ —Å—Ä–µ–¥–Ω–µ–º –æ–≥–Ω–µ –æ–∫–æ–ª–æ 10 –º–∏–Ω—É—Ç.
–î–æ–±–∞–≤—å—Ç–µ –±—Ä–æ–∫–∫–æ–ª–∏, —Ü–≤–µ—Ç–Ω—É—é –∫–∞–ø—É—Å—Ç—É –∏ –∫–∞–±–∞—á–æ–∫. –í–∞—Ä–∏—Ç–µ –µ—â–µ 10-15 –º–∏–Ω—É—Ç, –ø–æ–∫–∞ –≤—Å–µ –æ–≤–æ—â–∏ –Ω–µ —Å—Ç–∞–Ω—É—Ç –º—è–≥–∫–∏–º–∏.
–î–æ–±–∞–≤—å—Ç–µ –ª–∞–≤—Ä–æ–≤—ã–π –ª–∏—Å—Ç –∏ —â–µ–ø–æ—Ç–∫—É —Å–æ–ª–∏ –ø–æ –≤–∫—É—Å—É –∑–∞ –Ω–µ—Å–∫–æ–ª—å–∫–æ –º–∏–Ω—É—Ç –¥–æ –≥–æ—Ç–æ–≤–Ω–æ—Å—Ç–∏, –∑–∞—Ç–µ–º —Å–Ω–∏–º–∏—Ç–µ –ª–∞–≤—Ä–æ–≤—ã–π –ª–∏—Å—Ç.
–ü–æ–¥–∞–≤–∞–π—Ç–µ —Å—É–ø —Ç–µ–ø–ª—ã–º, –ø–æ—Å—ã–ø–∞–≤ —Å–≤–µ–∂–µ–π –∑–µ–ª–µ–Ω—å—é. –î–ª—è –±–æ–ª–µ–µ –º—è–≥–∫–æ–≥–æ –≤–∫—É—Å–∞ –º–æ–∂–Ω–æ –¥–æ–±–∞–≤–∏—Ç—å –Ω–µ–º–Ω–æ–≥–æ –æ—Ç–≤–∞—Ä–Ω–æ–≥–æ –æ–≤–æ—â–Ω–æ–≥–æ –±—É–ª—å–æ–Ω–∞.",—Å—É–ø,–æ–≤–æ—â–Ω–æ–π,–ü–µ—Ä–≤–æ–µ –±–ª—é–¥–æ
2,"–°—É–ø –æ–≤–æ—â–Ω–æ–π —Å –±—Ä–æ–∫–∫–æ–ª–∏, —Ü–≤–µ—Ç–Ω–æ–π –∫–∞–ø—É—Å—Ç–æ–π –∏ –º–æ—Ä–∫–æ–≤—å—é","ü•¶ –ë—Ä–æ–∫–∫–æ–ª–∏ ‚Äì 50 –≥ (–ø—Ä–∏–º–µ—Ä–Ω–æ 3-4 —Å–æ—Ü–≤–µ—Ç–∏—è)
ü•¨ –¶–≤–µ—Ç–Ω–∞—è –∫–∞–ø—É—Å—Ç–∞ ‚Äì 50 –≥ (–ø—Ä–∏–º–µ—Ä–Ω–æ 3-4 —Å–æ—Ü–≤–µ—Ç–∏—è)
ü•ï –ú–æ—Ä–∫–æ–≤—å ‚Äì 50 –≥ (–ø—Ä–∏–º–µ—Ä–Ω–æ 1/2 —Å—Ä–µ–¥–Ω–µ–π –º–æ—Ä–∫–æ–≤–∏)
ü•î –ö–∞—Ä—Ç–æ—Ñ–µ–ª—å ‚Äì 50 –≥ (–ø—Ä–∏–º–µ—Ä–Ω–æ 1/2 —Å—Ä–µ–¥–Ω–µ–π –∫–∞—Ä—Ç–æ—Ñ–µ–ª–∏–Ω—ã)
–í–æ–¥–∞ ‚Äì 300 –º–ª
–õ–∞–≤—Ä–æ–≤—ã–π –ª–∏—Å—Ç ‚Äì 1 —à—Ç.
üßÇ –°–æ–ª—å ‚Äì –ø–æ –≤–∫—É—Å—É (—Ä–µ–∫–æ–º–µ–Ω–¥—É–µ—Ç—Å—è –º–∏–Ω–∏–º–∞–ª—å–Ω–æ–µ –∫–æ–ª–∏—á–µ—Å—Ç–≤–æ)
üåø –ó–µ–ª–µ–Ω—å (—É–∫—Ä–æ–ø, –ø–µ—Ç—Ä—É—à–∫–∞) ‚Äì –¥–ª—è —É–∫—Ä–∞—à–µ–Ω–∏—è","–ë—Ä–æ–∫–∫–æ–ª–∏ –∏ —Ü–≤–µ—Ç–Ω—É—é –∫–∞–ø—É—Å—Ç—É —Ä–∞–∑–¥–µ–ª–∏—Ç–µ –Ω–∞ –Ω–µ–±–æ–ª—å—à–∏–µ —Å–æ—Ü–≤–µ—Ç–∏—è.
–ú–æ—Ä–∫–æ–≤—å –æ—á–∏—Å—Ç–∏—Ç–µ –∏ –Ω–∞—Ä–µ–∂—å—Ç–µ —Ç–æ–Ω–∫–∏–º–∏ –∫—Ä—É–∂–æ—á–∫–∞–º–∏ –∏–ª–∏ –∫—É–±–∏–∫–∞–º–∏.
–ö–∞—Ä—Ç–æ—Ñ–µ–ª—å –æ—á–∏—Å—Ç–∏—Ç–µ –∏ –Ω–∞—Ä–µ–∂—å—Ç–µ –Ω–µ–±–æ–ª—å—à–∏–º–∏ –∫—É–±–∏–∫–∞–º–∏.
–í –∫–∞—Å—Ç—Ä—é–ª—é –Ω–∞–ª–µ–π—Ç–µ –≤–æ–¥—É –∏ –¥–æ–≤–µ–¥–∏—Ç–µ –µ–µ –¥–æ –∫–∏–ø–µ–Ω–∏—è.
–î–æ–±–∞–≤—å—Ç–µ –Ω–∞—Ä–µ–∑–∞–Ω–Ω—ã–π –∫–∞—Ä—Ç–æ—Ñ–µ–ª—å –∏ –º–æ—Ä–∫–æ–≤—å. –í–∞—Ä–∏—Ç–µ –Ω–∞ —Å—Ä–µ–¥–Ω–µ–º –æ–≥–Ω–µ 5-7 –º–∏–Ω—É—Ç.
–ó–∞—Ç–µ–º –¥–æ–±–∞–≤—å—Ç–µ –±—Ä–æ–∫–∫–æ–ª–∏ –∏ —Ü–≤–µ—Ç–Ω—É—é –∫–∞–ø—É—Å—Ç—É, –ª–∞–≤—Ä–æ–≤—ã–π –ª–∏—Å—Ç –∏ –ø—Ä–æ–¥–æ–ª–∂–∞–π—Ç–µ –≤–∞—Ä–∏—Ç—å –µ—â–µ 5-7 –º–∏–Ω—É—Ç, –ø–æ–∫–∞ –≤—Å–µ –æ–≤–æ—â–∏ –Ω–µ —Å—Ç–∞–Ω—É—Ç –º—è–≥–∫–∏–º–∏.
–ü–æ—Å–æ–ª–∏—Ç–µ —Å—É–ø –ø–æ –≤–∫—É—Å—É, –Ω–æ —Å—Ç–∞—Ä–∞–π—Ç–µ—Å—å –∏—Å–ø–æ–ª—å–∑–æ–≤–∞—Ç—å –º–∏–Ω–∏–º–∞–ª—å–Ω–æ–µ –∫–æ–ª–∏—á–µ—Å—Ç–≤–æ —Å–æ–ª–∏.
–í—ã–Ω—å—Ç–µ –ª–∞–≤—Ä–æ–≤—ã–π –ª–∏—Å—Ç –ø–µ—Ä–µ–¥ –ø–æ–¥–∞—á–µ–π.
–†–∞–∑–ª–µ–π—Ç–µ —Å—É–ø –ø–æ —Ç–∞—Ä–µ–ª–∫–∞–º –∏ —É–∫—Ä–∞—Å—å—Ç–µ —Å–≤–µ–∂–µ–π –∑–µ–ª–µ–Ω—å—é.",—Å—É–ø,–æ–≤–æ—â–Ω–æ–π,–ü–µ—Ä–≤–æ–µ –±–ª—é–¥–æ
3,–°—É–ø –æ–≤–æ—â–Ω–æ–π —Å –±—Ä–æ–∫–∫–æ–ª–∏,"ü•¶ –ë—Ä–æ–∫–∫–æ–ª–∏ ‚Äì 100 –≥
ü•ï –ú–æ—Ä–∫–æ–≤—å ‚Äì 1/2 —à—Ç—É–∫–∏
ü•î –ö–∞—Ä—Ç–æ—Ñ–µ–ª—å ‚Äì 1 —à—Ç—É–∫–∞
üßÖ –õ—É–∫ ‚Äì 1/4 –≥–æ–ª–æ–≤–∫–∏
–í–æ–¥–∞ ‚Äì 400 –º–ª
üßÇ –°–æ–ª—å ‚Äì –ø–æ –≤–∫—É—Å—É
üåø –ó–µ–ª–µ–Ω—å (—É–∫—Ä–æ–ø, –ø–µ—Ç—Ä—É—à–∫–∞) ‚Äì –ø–æ –≤–∫—É—Å—É","–û—á–∏—Å—Ç–∏—Ç–µ –∏ –Ω–∞—Ä–µ–∂—å—Ç–µ –∫–∞—Ä—Ç–æ—Ñ–µ–ª—å –∫—É–±–∏–∫–∞–º–∏. –ú–æ—Ä–∫–æ–≤—å –Ω–∞—Ä–µ–∂—å—Ç–µ –∫—Ä—É–∂–æ—á–∫–∞–º–∏ –∏–ª–∏ –Ω–∞—Ç—Ä–∏—Ç–µ –Ω–∞ –∫—Ä—É–ø–Ω–æ–π —Ç–µ—Ä–∫–µ. –õ—É–∫ –º–µ–ª–∫–æ –Ω–∞—Ä–µ–∂—å—Ç–µ. –ë—Ä–æ–∫–∫–æ–ª–∏ —Ä–∞–∑–¥–µ–ª–∏—Ç–µ –Ω–∞ –Ω–µ–±–æ–ª—å—à–∏–µ —Å–æ—Ü–≤–µ—Ç–∏—è.
–í—Å–∫–∏–ø—è—Ç–∏—Ç–µ 400 –º–ª –≤–æ–¥—ã –∏ –¥–æ–±–∞–≤—å—Ç–µ –≤ –Ω–µ–µ –Ω–∞—Ä–µ–∑–∞–Ω–Ω—ã–π –∫–∞—Ä—Ç–æ—Ñ–µ–ª—å. –í–∞—Ä–∏—Ç–µ –µ–≥–æ –Ω–∞ —Å—Ä–µ–¥–Ω–µ–º –æ–≥–Ω–µ 10 –º–∏–Ω—É—Ç.
–ß–µ—Ä–µ–∑ 10 –º–∏–Ω—É—Ç –¥–æ–±–∞–≤—å—Ç–µ –≤ –∫–∞—Å—Ç—Ä—é–ª—é –º–æ—Ä–∫–æ–≤—å –∏ –ª—É–∫. –í–∞—Ä–∏—Ç–µ –≤—Å–µ –≤–º–µ—Å—Ç–µ –µ—â–µ 5 –º–∏–Ω—É—Ç.
–í –∫–æ–Ω—Ü–µ –≤–∞—Ä–∫–∏, –∑–∞ 5 –º–∏–Ω—É—Ç –¥–æ –≥–æ—Ç–æ–≤–Ω–æ—Å—Ç–∏, –¥–æ–±–∞–≤—å—Ç–µ –±—Ä–æ–∫–∫–æ–ª–∏. –í–∞—Ä–∏—Ç–µ –¥–æ –º—è–≥–∫–æ—Å—Ç–∏ –≤—Å–µ—Ö –æ–≤–æ—â–µ–π.
–ü–æ—Å–æ–ª–∏—Ç–µ —Å—É–ø –ø–æ –≤–∫—É—Å—É –∏ —Å–Ω–∏–º–∏—Ç–µ —Å –æ–≥–Ω—è. –î–æ–±–∞–≤—å—Ç–µ –º–µ–ª–∫–æ –Ω–∞—Ä–µ–∑–∞–Ω–Ω—É—é –∑–µ–ª–µ–Ω—å –¥–ª—è –∞—Ä–æ–º–∞—Ç–∞.
–ü–æ–¥–∞–≤–∞—Ç—å –æ–≤–æ—â–Ω–æ–π —Å—É–ø —Å –±—Ä–æ–∫–∫–æ–ª–∏ –º–æ–∂–Ω–æ —Ç–µ–ø–ª—ã–º.",—Å—É–ø,–æ–≤–æ—â–Ω–æ–π,–ü–µ—Ä–≤–æ–µ –±–ª—é–¥–æ
4,–°—É–ø –æ–≤–æ—â–Ω–æ–π —Å —Ü–≤–µ—Ç–Ω–æ–π –∫–∞–ø—É—Å—Ç–æ–π,"ü•¨ –¶–≤–µ—Ç–Ω–∞—è –∫–∞–ø—É—Å—Ç–∞ ‚Äì 100 –≥
ü•î –ö–∞—Ä—Ç–æ—Ñ–µ–ª—å ‚Äì 1 —à—Ç. (—Å—Ä–µ–¥–Ω–∏–π, 100 –≥)
ü•ï –ú–æ—Ä–∫–æ–≤—å ‚Äì 1/2 —à—Ç. (50 –≥)
üßÖ –õ—É–∫ ‚Äì 1/4 —à—Ç.
–í–æ–¥–∞ ‚Äì 300 –º–ª
üßÇ –°–æ–ª—å ‚Äì –ø–æ –≤–∫—É—Å—É
–õ–∞–≤—Ä–æ–≤—ã–π –ª–∏—Å—Ç ‚Äì 1 —à—Ç.
üåø –°–≤–µ–∂–∞—è –∑–µ–ª–µ–Ω—å (—É–∫—Ä–æ–ø, –ø–µ—Ç—Ä—É—à–∫–∞) ‚Äì –ø–æ –∂–µ–ª–∞–Ω–∏—é","–†–∞–∑–±–µ—Ä–∏—Ç–µ —Ü–≤–µ—Ç–Ω—É—é –∫–∞–ø—É—Å—Ç—É –Ω–∞ –Ω–µ–±–æ–ª—å—à–∏–µ —Å–æ—Ü–≤–µ—Ç–∏—è.
–ö–∞—Ä—Ç–æ—Ñ–µ–ª—å –æ—á–∏—Å—Ç–∏—Ç–µ –∏ –Ω–∞—Ä–µ–∂—å—Ç–µ –∫—É–±–∏–∫–∞–º–∏.
–ú–æ—Ä–∫–æ–≤—å –Ω–∞—Ä–µ–∂—å—Ç–µ –∫—Ä—É–∂–æ—á–∫–∞–º–∏ –∏–ª–∏ –º–µ–ª–∫–∏–º–∏ –∫—É–±–∏–∫–∞–º–∏.
–õ—É–∫ –º–µ–ª–∫–æ –Ω–∞—à–∏–Ω–∫—É–π—Ç–µ.
–í –∫–∞—Å—Ç—Ä—é–ª—é –Ω–∞–ª–µ–π—Ç–µ 300 –º–ª –≤–æ–¥—ã –∏ –¥–æ–≤–µ–¥–∏—Ç–µ –µ—ë –¥–æ –∫–∏–ø–µ–Ω–∏—è.
–î–æ–±–∞–≤—å—Ç–µ –∫–∞—Ä—Ç–æ—Ñ–µ–ª—å, –º–æ—Ä–∫–æ–≤—å –∏ –ª—É–∫. –í–∞—Ä–∏—Ç–µ 10-12 –º–∏–Ω—É—Ç –¥–æ –º—è–≥–∫–æ—Å—Ç–∏.
–ó–∞—Ç–µ–º –¥–æ–±–∞–≤—å—Ç–µ —Ü–≤–µ—Ç–Ω—É—é –∫–∞–ø—É—Å—Ç—É –∏ –≤–∞—Ä–∏—Ç–µ –µ—â—ë 5-7 –º–∏–Ω—É—Ç –¥–æ –≥–æ—Ç–æ–≤–Ω–æ—Å—Ç–∏.
–î–æ–±–∞–≤—å—Ç–µ –ª–∞–≤—Ä–æ–≤—ã–π –ª–∏—Å—Ç –∑–∞ 5 –º–∏–Ω—É—Ç –¥–æ –æ–∫–æ–Ω—á–∞–Ω–∏—è –≤–∞—Ä–∫–∏.
–ü–æ—Å–æ–ª–∏—Ç–µ —Å—É–ø –ø–æ –≤–∫—É—Å—É –∏ —Å–Ω–∏–º–∏—Ç–µ —Å –æ–≥–Ω—è.
–ü–µ—Ä–µ–¥ –ø–æ–¥–∞—á–µ–π –º–æ–∂–Ω–æ –¥–æ–±–∞–≤–∏—Ç—å —Å–≤–µ–∂—É—é –∑–µ–ª–µ–Ω—å. –°—É–ø –ø–æ–¥–∞–µ—Ç—Å—è –≥–æ—Ä—è—á–∏–º.",—Å—É–ø,–æ–≤–æ—â–Ω–æ–π,–ü–µ—Ä–≤–æ–µ –±–ª—é–¥–æ
5,–°—É–ø –æ–≤–æ—â–Ω–æ–π —Å –∫–∞–±–∞—á–∫–æ–º,"ü•í –ö–∞–±–∞—á–æ–∫ ‚Äì 100 –≥
ü•î –ö–∞—Ä—Ç–æ—Ñ–µ–ª—å ‚Äì 1 —à—Ç. (—Å—Ä–µ–¥–Ω–∏–π, 100 –≥)
ü•ï –ú–æ—Ä–∫–æ–≤—å ‚Äì 1/2 —à—Ç. (50 –≥)
üßÖ –õ—É–∫ ‚Äì 1/4 —à—Ç.
–í–æ–¥–∞ ‚Äì 300 –º–ª
üßÇ –°–æ–ª—å ‚Äì –ø–æ –≤–∫—É—Å—É
–õ–∞–≤—Ä–æ–≤—ã–π –ª–∏—Å—Ç ‚Äì 1 —à—Ç.
üåø –°–≤–µ–∂–∞—è –∑–µ–ª–µ–Ω—å (—É–∫—Ä–æ–ø, –ø–µ—Ç—Ä—É—à–∫–∞) ‚Äì –ø–æ –∂–µ–ª–∞–Ω–∏—é","–ö–∞–±–∞—á–æ–∫ –Ω–∞—Ä–µ–∂—å—Ç–µ –∫—É–±–∏–∫–∞–º–∏ –∏–ª–∏ –ø–æ–ª—É–∫–æ–ª—å—Ü–∞–º–∏.
–ö–∞—Ä—Ç–æ—Ñ–µ–ª—å –æ—á–∏—Å—Ç–∏—Ç–µ –∏ –Ω–∞—Ä–µ–∂—å—Ç–µ –∫—É–±–∏–∫–∞–º–∏.
–ú–æ—Ä–∫–æ–≤—å –Ω–∞—Ä–µ–∂—å—Ç–µ —Ç–æ–Ω–∫–∏–º–∏ –∫—Ä—É–∂–æ—á–∫–∞–º–∏ –∏–ª–∏ –º–µ–ª–∫–∏–º–∏ –∫—É–±–∏–∫–∞–º–∏.
–õ—É–∫ –º–µ–ª–∫–æ –Ω–∞—à–∏–Ω–∫—É–π—Ç–µ.
–í –∫–∞—Å—Ç—Ä—é–ª—é –Ω–∞–ª–µ–π—Ç–µ 300 –º–ª –≤–æ–¥—ã –∏ –¥–æ–≤–µ–¥–∏—Ç–µ –µ—ë –¥–æ –∫–∏–ø–µ–Ω–∏—è.
–î–æ–±–∞–≤—å—Ç–µ –Ω–∞—Ä–µ–∑–∞–Ω–Ω—ã–µ –∫–∞—Ä—Ç–æ—Ñ–µ–ª—å, –º–æ—Ä–∫–æ–≤—å –∏ –ª—É–∫. –í–∞—Ä–∏—Ç–µ –Ω–∞ —Å—Ä–µ–¥–Ω–µ–º –æ–≥–Ω–µ 10-12 –º–∏–Ω—É—Ç, –ø–æ–∫–∞ –æ–≤–æ—â–∏ –Ω–µ —Å—Ç–∞–Ω—É—Ç –º—è–≥–∫–∏–º–∏.
–ó–∞—Ç–µ–º –¥–æ–±–∞–≤—å—Ç–µ –∫–∞–±–∞—á–∫–∏ –∏ –≤–∞—Ä–∏—Ç–µ –µ—â—ë 5-7 –º–∏–Ω—É—Ç –¥–æ –º—è–≥–∫–æ—Å—Ç–∏ –∫–∞–±–∞—á–∫–æ–≤.
–î–æ–±–∞–≤—å—Ç–µ –ª–∞–≤—Ä–æ–≤—ã–π –ª–∏—Å—Ç –∑–∞ 5 –º–∏–Ω—É—Ç –¥–æ –æ–∫–æ–Ω—á–∞–Ω–∏—è –≤–∞—Ä–∫–∏.
–ü–æ—Å–æ–ª–∏—Ç–µ —Å—É–ø –ø–æ –≤–∫—É—Å—É –∏ —Å–Ω–∏–º–∏—Ç–µ —Å –æ–≥–Ω—è.
–ü–µ—Ä–µ–¥ –ø–æ–¥–∞—á–µ–π –º–æ–∂–Ω–æ –¥–æ–±–∞–≤–∏—Ç—å —Å–≤–µ–∂—É—é –∑–µ–ª–µ–Ω—å. –°—É–ø –ø–æ–¥–∞–µ—Ç—Å—è –≥–æ—Ä—è—á–∏–º.",—Å—É–ø,–æ–≤–æ—â–Ω–æ–π,–ü–µ—Ä–≤–æ–µ –±–ª—é–¥–æ
6,–°—É–ø –æ–≤–æ—â–Ω–æ–π –∏–∑ –∫–æ—Ä–Ω—è —Å–µ–ª—å–¥–µ—Ä–µ—è,"–ö–æ—Ä–µ–Ω—å —Å–µ–ª—å–¥–µ—Ä–µ—è ‚Äì 100 –≥
ü•î –ö–∞—Ä—Ç–æ—Ñ–µ–ª—å ‚Äì 1 –Ω–µ–±–æ–ª—å—à–æ–π –∫–ª—É–±–µ–Ω—å (100 –≥)
ü•ï –ú–æ—Ä–∫–æ–≤—å ‚Äì 1/2 —à—Ç.
üßÖ –õ—É–∫ ‚Äì 1/4 —à—Ç.
–í–æ–¥–∞ –∏–ª–∏ –æ–≤–æ—â–Ω–æ–π –±—É–ª—å–æ–Ω ‚Äì 300 –º–ª
üßÇ –°–æ–ª—å ‚Äì –ø–æ –≤–∫—É—Å—É
–õ–∞–≤—Ä–æ–≤—ã–π –ª–∏—Å—Ç ‚Äì 1 —à—Ç. (–ø–æ –∂–µ–ª–∞–Ω–∏—é)
üåø –°–≤–µ–∂–∞—è –∑–µ–ª–µ–Ω—å (—É–∫—Ä–æ–ø, –ø–µ—Ç—Ä—É—à–∫–∞) –¥–ª—è –ø–æ–¥–∞—á–∏","–ö–æ—Ä–µ–Ω—å —Å–µ–ª—å–¥–µ—Ä–µ—è –æ—á–∏—Å—Ç–∏—Ç–µ –∏ –Ω–∞—Ä–µ–∂—å—Ç–µ –∫—É–±–∏–∫–∞–º–∏.
–ö–∞—Ä—Ç–æ—Ñ–µ–ª—å –æ—á–∏—Å—Ç–∏—Ç–µ –∏ –Ω–∞—Ä–µ–∂—å—Ç–µ –Ω–µ–±–æ–ª—å—à–∏–º–∏ –∫—É–±–∏–∫–∞–º–∏.
–ú–æ—Ä–∫–æ–≤—å –Ω–∞—Ä–µ–∂—å—Ç–µ —Ç–æ–Ω–∫–∏–º–∏ –∫—Ä—É–∂–æ—á–∫–∞–º–∏.
–õ—É–∫ –º–µ–ª–∫–æ –Ω–∞—Ä–µ–∂—å—Ç–µ.
–í –∫–∞—Å—Ç—Ä—é–ª—é –Ω–∞–ª–µ–π—Ç–µ –≤–æ–¥—É –∏–ª–∏ –æ–≤–æ—â–Ω–æ–π –±—É–ª—å–æ–Ω, –¥–æ–≤–µ–¥–∏—Ç–µ –¥–æ –∫–∏–ø–µ–Ω–∏—è.
–î–æ–±–∞–≤—å—Ç–µ –∫–æ—Ä–µ–Ω—å —Å–µ–ª—å–¥–µ—Ä–µ—è, –∫–∞—Ä—Ç–æ—Ñ–µ–ª—å, –º–æ—Ä–∫–æ–≤—å –∏ –ª—É–∫.
–î–æ–±–∞–≤—å—Ç–µ –ª–∞–≤—Ä–æ–≤—ã–π –ª–∏—Å—Ç, –µ—Å–ª–∏ –∏—Å–ø–æ–ª—å–∑—É–µ—Ç–µ, –∏ –Ω–µ–º–Ω–æ–≥–æ —Å–æ–ª–∏.
–í–∞—Ä–∏—Ç–µ –Ω–∞ —Å—Ä–µ–¥–Ω–µ–º –æ–≥–Ω–µ –æ–∫–æ–ª–æ 15-20 –º–∏–Ω—É—Ç –¥–æ –º—è–≥–∫–æ—Å—Ç–∏ –≤—Å–µ—Ö –æ–≤–æ—â–µ–π.
–ï—Å–ª–∏ —Ö–æ—Ç–∏—Ç–µ –ø—Ä–∏–≥–æ—Ç–æ–≤–∏—Ç—å —Å—É–ø-–ø—é—Ä–µ, —Å–Ω–∏–º–∏—Ç–µ –∫–∞—Å—Ç—Ä—é–ª—é —Å –æ–≥–Ω—è –∏ –¥–∞–π—Ç–µ —Å—É–ø—É —Å–ª–µ–≥–∫–∞ –æ—Å—Ç—ã—Ç—å. –£–¥–∞–ª–∏—Ç–µ –ª–∞–≤—Ä–æ–≤—ã–π –ª–∏—Å—Ç.
–ò–∑–º–µ–ª—å—á–∏—Ç–µ —Å—É–ø –ø–æ–≥—Ä—É–∂–Ω—ã–º –±–ª–µ–Ω–¥–µ—Ä–æ–º –¥–æ –æ–¥–Ω–æ—Ä–æ–¥–Ω–æ–π –∫–æ–Ω—Å–∏—Å—Ç–µ–Ω—Ü–∏–∏.
–í–µ—Ä–Ω–∏—Ç–µ –Ω–∞ –æ–≥–æ–Ω—å –∏ –ø–æ–¥–æ–≥—Ä–µ–π—Ç–µ –¥–æ –Ω—É–∂–Ω–æ–π —Ç–µ–º–ø–µ—Ä–∞—Ç—É—Ä—ã.
–ü–æ–¥–∞–≤–∞–π—Ç–µ —Å—É–ø —Å –º–µ–ª–∫–æ –Ω–∞—Ä–µ–∑–∞–Ω–Ω–æ–π —Å–≤–µ–∂–µ–π –∑–µ–ª–µ–Ω—å—é.",—Å—É–ø,–æ–≤–æ—â–Ω–æ–π,–ü–µ—Ä–≤–æ–µ –±–ª—é–¥–æ
7,–°—É–ø-–ø—é—Ä–µ –∏–∑ —Ç—ã–∫–≤—ã,"üéÉ –¢—ã–∫–≤–∞ ‚Äì 150 –≥
ü•î –ö–∞—Ä—Ç–æ—Ñ–µ–ª—å ‚Äì 1 –Ω–µ–±–æ–ª—å—à–æ–π (–æ–∫–æ–ª–æ 70 –≥)
ü•ï –ú–æ—Ä–∫–æ–≤—å ‚Äì 1/2 —Å—Ä–µ–¥–Ω–µ–π (–æ–∫–æ–ª–æ 50 –≥)
üßÖ –õ—É–∫ ‚Äì 1/4 –Ω–µ–±–æ–ª—å—à–æ–π (–ø–æ –∂–µ–ª–∞–Ω–∏—é)
–í–æ–¥–∞ –∏–ª–∏ –æ–≤–æ—â–Ω–æ–π –±—É–ª—å–æ–Ω ‚Äì 250-300 –º–ª
üßÇ –°–æ–ª—å ‚Äì —â–µ–ø–æ—Ç–∫–∞
ü•õ –°–ª–∏–≤–∫–∏ (10-15%) –∏–ª–∏ –∫–æ–∫–æ—Å–æ–≤–æ–µ –º–æ–ª–æ–∫–æ ‚Äì 2 —Å—Ç.–ª. (–ø–æ –∂–µ–ª–∞–Ω–∏—é)
üßà –°–ª–∏–≤–æ—á–Ω–æ–µ –º–∞—Å–ª–æ ‚Äì 1/2 —á.–ª. (–ø–æ –∂–µ–ª–∞–Ω–∏—é)","–û—á–∏—Å—Ç–∏—Ç–µ —Ç—ã–∫–≤—É, –∫–∞—Ä—Ç–æ—Ñ–µ–ª—å, –º–æ—Ä–∫–æ–≤—å –∏ –ª—É–∫. –ù–∞—Ä–µ–∂—å—Ç–µ —Ç—ã–∫–≤—É –∏ –∫–∞—Ä—Ç–æ—Ñ–µ–ª—å –Ω–µ–±–æ–ª—å—à–∏–º–∏ –∫—É–±–∏–∫–∞–º–∏, –º–æ—Ä–∫–æ–≤—å ‚Äì –∫—Ä—É–∂–æ—á–∫–∞–º–∏, –∞ –ª—É–∫ ‚Äì –º–µ–ª–∫–æ (–µ—Å–ª–∏ –∏—Å–ø–æ–ª—å–∑—É–µ—Ç–µ).
–í –∫–∞—Å—Ç—Ä—é–ª—é –Ω–∞–ª–µ–π—Ç–µ –≤–æ–¥—É –∏–ª–∏ –æ–≤–æ—â–Ω–æ–π –±—É–ª—å–æ–Ω, –¥–æ–≤–µ–¥–∏—Ç–µ –¥–æ –∫–∏–ø–µ–Ω–∏—è –∏ –¥–æ–±–∞–≤—å—Ç–µ –Ω–∞—Ä–µ–∑–∞–Ω–Ω—ã–µ –æ–≤–æ—â–∏. –í–∞—Ä–∏—Ç–µ –Ω–∞ —Å—Ä–µ–¥–Ω–µ–º –æ–≥–Ω–µ –æ–∫–æ–ª–æ 15-20 –º–∏–Ω—É—Ç, –ø–æ–∫–∞ –≤—Å–µ –æ–≤–æ—â–∏ –Ω–µ —Å—Ç–∞–Ω—É—Ç –º—è–≥–∫–∏–º–∏.
–ö–æ–≥–¥–∞ –æ–≤–æ—â–∏ —Å–≤–∞—Ä—è—Ç—Å—è, —Å–ª–µ–π—Ç–µ –ª–∏—à–Ω–∏–π –±—É–ª—å–æ–Ω (–æ—Å—Ç–∞–≤–∏–≤ –Ω–µ–º–Ω–æ–≥–æ –¥–ª—è –∫–æ–Ω—Å–∏—Å—Ç–µ–Ω—Ü–∏–∏) –∏ —Å –ø–æ–º–æ—â—å—é –±–ª–µ–Ω–¥–µ—Ä–∞ –∏–∑–º–µ–ª—å—á–∏—Ç–µ –æ–≤–æ—â–∏ –≤ –ø—é—Ä–µ.
–ü–æ—Å–ª–µ –∏–∑–º–µ–ª—å—á–µ–Ω–∏—è –¥–æ–±–∞–≤—å—Ç–µ —Å–ª–∏–≤–∫–∏ –∏–ª–∏ –∫–æ–∫–æ—Å–æ–≤–æ–µ –º–æ–ª–æ–∫–æ, –Ω–µ–º–Ω–æ–≥–æ —Å–ª–∏–≤–æ—á–Ω–æ–≥–æ –º–∞—Å–ª–∞ –∏ —Å–Ω–æ–≤–∞ –ø–µ—Ä–µ–º–µ—à–∞–π—Ç–µ –ø—é—Ä–µ –¥–æ –æ–¥–Ω–æ—Ä–æ–¥–Ω–æ—Å—Ç–∏. –ü—Ä–∏ –Ω–µ–æ–±—Ö–æ–¥–∏–º–æ—Å—Ç–∏ –¥–æ–±–∞–≤—å—Ç–µ –Ω–µ–º–Ω–æ–≥–æ –æ—Ç–≤–∞—Ä–µ–Ω–Ω–æ–≥–æ –±—É–ª—å–æ–Ω–∞ –¥–ª—è –¥–æ—Å—Ç–∏–∂–µ–Ω–∏—è –Ω—É–∂–Ω–æ–π –∫–æ–Ω—Å–∏—Å—Ç–µ–Ω—Ü–∏–∏.
–î–æ–±–∞–≤—å—Ç–µ —â–µ–ø–æ—Ç–∫—É —Å–æ–ª–∏ –ø–æ –≤–∫—É—Å—É –∏ —Å–Ω–æ–≤–∞ –ø–µ—Ä–µ–º–µ—à–∞–π—Ç–µ.
–ü–æ–¥–∞–≤–∞–π—Ç–µ —Ç—ã–∫–≤–µ–Ω–Ω—ã–π —Å—É–ø-–ø—é—Ä–µ —Ç–µ–ø–ª—ã–º. –î–ª—è –ø–æ–¥–∞—á–∏ –º–æ–∂–Ω–æ –¥–æ–±–∞–≤–∏—Ç—å –∑–µ–ª–µ–Ω—å –∏–ª–∏ —Ç—ã–∫–≤–µ–Ω–Ω—ã–µ —Å–µ–º–µ—á–∫–∏ –¥–ª—è —É–∫—Ä–∞—à–µ–Ω–∏—è.",—Å—É–ø-–ø—é—Ä–µ,–æ–≤–æ—â–Ω–æ–π,–ü–µ—Ä–≤–æ–µ –±–ª—é–¥–æ
8,–°—É–ø-–ø—é—Ä–µ –∏–∑ –±—Ä–æ–∫–∫–æ–ª–∏ –∏ —à–ø–∏–Ω–∞—Ç–∞,"ü•¶ –ë—Ä–æ–∫–∫–æ–ª–∏ ‚Äì 100 –≥
ü•¨ –®–ø–∏–Ω–∞—Ç (—Å–≤–µ–∂–∏–π –∏–ª–∏ –∑–∞–º–æ—Ä–æ–∂–µ–Ω–Ω—ã–π) ‚Äì 50 –≥
ü•î –ö–∞—Ä—Ç–æ—Ñ–µ–ª—å ‚Äì 1 —à—Ç. (—Å—Ä–µ–¥–Ω–∏–π, 100 –≥)
üßÖ –õ—É–∫ ‚Äì 1/4 —à—Ç.
–í–æ–¥–∞ –∏–ª–∏ –æ–≤–æ—â–Ω–æ–π –±—É–ª—å–æ–Ω ‚Äì 300 –º–ª
üßÇ –°–æ–ª—å ‚Äì –ø–æ –≤–∫—É—Å—É
üåø –°–≤–µ–∂–∞—è –∑–µ–ª–µ–Ω—å (—É–∫—Ä–æ–ø, –ø–µ—Ç—Ä—É—à–∫–∞) ‚Äì –ø–æ –∂–µ–ª–∞–Ω–∏—é","–ö–∞—Ä—Ç–æ—Ñ–µ–ª—å –æ—á–∏—Å—Ç–∏—Ç–µ –∏ –Ω–∞—Ä–µ–∂—å—Ç–µ –Ω–µ–±–æ–ª—å—à–∏–º–∏ –∫—É–±–∏–∫–∞–º–∏.
–õ—É–∫ –º–µ–ª–∫–æ –Ω–∞—Ä–µ–∂—å—Ç–µ.
–ë—Ä–æ–∫–∫–æ–ª–∏ —Ä–∞–∑–±–µ—Ä–∏—Ç–µ –Ω–∞ —Å–æ—Ü–≤–µ—Ç–∏—è.
–ï—Å–ª–∏ –∏—Å–ø–æ–ª—å–∑—É–µ—Ç–µ —Å–≤–µ–∂–∏–π —à–ø–∏–Ω–∞—Ç, –ø—Ä–æ–º–æ–π—Ç–µ –µ–≥–æ –∏ –Ω–∞—Ä–µ–∂—å—Ç–µ.
–í –∫–∞—Å—Ç—Ä—é–ª—é –Ω–∞–ª–µ–π—Ç–µ –≤–æ–¥—É –∏–ª–∏ –æ–≤–æ—â–Ω–æ–π –±—É–ª—å–æ–Ω, –¥–æ–≤–µ–¥–∏—Ç–µ –¥–æ –∫–∏–ø–µ–Ω–∏—è.
–î–æ–±–∞–≤—å—Ç–µ –∫–∞—Ä—Ç–æ—Ñ–µ–ª—å –∏ –ª—É–∫, –≤–∞—Ä–∏—Ç–µ –Ω–∞ —Å—Ä–µ–¥–Ω–µ–º –æ–≥–Ω–µ –æ–∫–æ–ª–æ 10 –º–∏–Ω—É—Ç –¥–æ –º—è–≥–∫–æ—Å—Ç–∏ –∫–∞—Ä—Ç–æ—Ñ–µ–ª—è.
–î–æ–±–∞–≤—å—Ç–µ –±—Ä–æ–∫–∫–æ–ª–∏ –∏ –≤–∞—Ä–∏—Ç–µ –µ—â—ë 5 –º–∏–Ω—É—Ç.
–î–æ–±–∞–≤—å—Ç–µ —à–ø–∏–Ω–∞—Ç –∏ –≤–∞—Ä–∏—Ç–µ –µ—â—ë 2-3 –º–∏–Ω—É—Ç—ã, –ø–æ–∫–∞ –æ–Ω –Ω–µ —Å—Ç–∞–Ω–µ—Ç –º—è–≥–∫–∏–º.
–°–Ω–∏–º–∏—Ç–µ —Å—É–ø —Å –æ–≥–Ω—è, –¥–∞–π—Ç–µ —Å–ª–µ–≥–∫–∞ –æ—Å—Ç—ã—Ç—å –∏ –∏–∑–º–µ–ª—å—á–∏—Ç–µ –µ–≥–æ –≤ –±–ª–µ–Ω–¥–µ—Ä–µ –¥–æ –æ–¥–Ω–æ—Ä–æ–¥–Ω–æ–≥–æ —Å–æ—Å—Ç–æ—è–Ω–∏—è.
–ï—Å–ª–∏ —Å—É–ø —Å–ª–∏—à–∫–æ–º –≥—É—Å—Ç–æ–π, –¥–æ–±–∞–≤—å—Ç–µ –Ω–µ–º–Ω–æ–≥–æ –≤–æ–¥—ã –∏–ª–∏ –±—É–ª—å–æ–Ω–∞.
–í–µ—Ä–Ω–∏—Ç–µ —Å—É–ø –≤ –∫–∞—Å—Ç—Ä—é–ª—é, –ø–æ—Å–æ–ª–∏—Ç–µ –ø–æ –≤–∫—É—Å—É –∏ —Ä–∞–∑–æ–≥—Ä–µ–π—Ç–µ –µ–≥–æ –¥–æ –Ω—É–∂–Ω–æ–π —Ç–µ–º–ø–µ—Ä–∞—Ç—É—Ä—ã.
–£–∫—Ä–∞—Å—å—Ç–µ —Å—É–ø —Å–≤–µ–∂–µ–π –∑–µ–ª–µ–Ω—å—é –ø–µ—Ä–µ–¥ –ø–æ–¥–∞—á–µ–π.",—Å—É–ø-–ø—é—Ä–µ,–æ–≤–æ—â–Ω–æ–π,–ü–µ—Ä–≤–æ–µ –±–ª—é–¥–æ
9,–°—É–ø-–ø—é—Ä–µ –∏–∑ –∫–∞—Ä—Ç–æ—Ñ–µ–ª—è –∏ —à–ø–∏–Ω–∞—Ç–∞,"ü•î –ö–∞—Ä—Ç–æ—Ñ–µ–ª—å ‚Äì 150 –≥ (1 —Å—Ä–µ–¥–Ω–∏–π –∫–ª—É–±–µ–Ω—å)
ü•¨ –®–ø–∏–Ω–∞—Ç (—Å–≤–µ–∂–∏–π –∏–ª–∏ –∑–∞–º–æ—Ä–æ–∂–µ–Ω–Ω—ã–π) ‚Äì 50 –≥
üßÖ –õ—É–∫ ‚Äì 1/4 —à—Ç.
–í–æ–¥–∞ –∏–ª–∏ –æ–≤–æ—â–Ω–æ–π –±—É–ª—å–æ–Ω ‚Äì 300 –º–ª
üßÇ –°–æ–ª—å ‚Äì –ø–æ –≤–∫—É—Å—É
üåø –°–≤–µ–∂–∞—è –∑–µ–ª–µ–Ω—å –¥–ª—è –ø–æ–¥–∞—á–∏ (–ø–æ –∂–µ–ª–∞–Ω–∏—é)","–ö–∞—Ä—Ç–æ—Ñ–µ–ª—å –æ—á–∏—Å—Ç–∏—Ç–µ –∏ –Ω–∞—Ä–µ–∂—å—Ç–µ –Ω–µ–±–æ–ª—å—à–∏–º–∏ –∫—É–±–∏–∫–∞–º–∏.
–õ—É–∫ –º–µ–ª–∫–æ –Ω–∞—Ä–µ–∂—å—Ç–µ.
–ï—Å–ª–∏ —à–ø–∏–Ω–∞—Ç —Å–≤–µ–∂–∏–π, —Ç—â–∞—Ç–µ–ª—å–Ω–æ –ø—Ä–æ–º–æ–π—Ç–µ –µ–≥–æ –∏ –Ω–∞—Ä–µ–∂—å—Ç–µ –∫—Ä—É–ø–Ω–æ.
–í –∫–∞—Å—Ç—Ä—é–ª—é –Ω–∞–ª–µ–π—Ç–µ –≤–æ–¥—É –∏–ª–∏ –æ–≤–æ—â–Ω–æ–π –±—É–ª—å–æ–Ω, –¥–æ–≤–µ–¥–∏—Ç–µ –¥–æ –∫–∏–ø–µ–Ω–∏—è.
–î–æ–±–∞–≤—å—Ç–µ –∫–∞—Ä—Ç–æ—Ñ–µ–ª—å –∏ –ª—É–∫, –≤–∞—Ä–∏—Ç–µ –Ω–∞ —Å—Ä–µ–¥–Ω–µ–º –æ–≥–Ω–µ –æ–∫–æ–ª–æ 15 –º–∏–Ω—É—Ç –¥–æ –º—è–≥–∫–æ—Å—Ç–∏ –∫–∞—Ä—Ç–æ—Ñ–µ–ª—è.
–ö–æ–≥–¥–∞ –∫–∞—Ä—Ç–æ—Ñ–µ–ª—å —Å—Ç–∞–Ω–µ—Ç –º—è–≥–∫–∏–º, –¥–æ–±–∞–≤—å—Ç–µ —à–ø–∏–Ω–∞—Ç –∏ –≤–∞—Ä–∏—Ç–µ –µ—â—ë 2-3 –º–∏–Ω—É—Ç—ã, –ø–æ–∫–∞ —à–ø–∏–Ω–∞—Ç –Ω–µ ""—É–≤—è–Ω–µ—Ç"".
–°–Ω–∏–º–∏—Ç–µ –∫–∞—Å—Ç—Ä—é–ª—é —Å –æ–≥–Ω—è –∏ –¥–∞–π—Ç–µ —Å—É–ø—É —Å–ª–µ–≥–∫–∞ –æ—Å—Ç—ã—Ç—å.
–ò–∑–º–µ–ª—å—á–∏—Ç–µ —Å—É–ø –ø–æ–≥—Ä—É–∂–Ω—ã–º –±–ª–µ–Ω–¥–µ—Ä–æ–º –¥–æ –æ–¥–Ω–æ—Ä–æ–¥–Ω–æ–π –∫–æ–Ω—Å–∏—Å—Ç–µ–Ω—Ü–∏–∏.
–ï—Å–ª–∏ —Å—É–ø –ø–æ–ª—É—á–∞–µ—Ç—Å—è —Å–ª–∏—à–∫–æ–º –≥—É—Å—Ç—ã–º, –¥–æ–±–∞–≤—å—Ç–µ –Ω–µ–º–Ω–æ–≥–æ –≤–æ–¥—ã –∏–ª–∏ –±—É–ª—å–æ–Ω–∞.
–í–µ—Ä–Ω–∏—Ç–µ —Å—É–ø –Ω–∞ –æ–≥–æ–Ω—å, –¥–æ–±–∞–≤—å—Ç–µ —Å–æ–ª—å –ø–æ –≤–∫—É—Å—É –∏ –ø–æ–¥–æ–≥—Ä–µ–π—Ç–µ –¥–æ –Ω—É–∂–Ω–æ–π —Ç–µ–º–ø–µ—Ä–∞—Ç—É—Ä—ã.
–ü–æ–¥–∞–≤–∞–π—Ç–µ —Å—É–ø —Å –º–µ–ª–∫–æ –Ω–∞—Ä–µ–∑–∞–Ω–Ω–æ–π —Å–≤–µ–∂–µ–π –∑–µ–ª–µ–Ω—å—é –ø–æ –∂–µ–ª–∞–Ω–∏—é.",—Å—É–ø-–ø—é—Ä–µ,–æ–≤–æ—â–Ω–æ–π,–ü–µ—Ä–≤–æ–µ –±–ª—é–¥–æ
10,–©–∏ –≤–µ–≥–µ—Ç–∞—Ä–∏–∞–Ω—Å–∫–∏–µ,"ü•¨ –ë–µ–ª–æ–∫–æ—á–∞–Ω–Ω–∞—è –∫–∞–ø—É—Å—Ç–∞ ‚Äì 100 –≥
ü•ï –ú–æ—Ä–∫–æ–≤—å ‚Äì 30 –≥ (–ø—Ä–∏–º–µ—Ä–Ω–æ 1/3 —Å—Ä–µ–¥–Ω–µ–π –º–æ—Ä–∫–æ–≤–∏)
ü•î –ö–∞—Ä—Ç–æ—Ñ–µ–ª—å ‚Äì 50 –≥ (–ø—Ä–∏–º–µ—Ä–Ω–æ 1/2 —Å—Ä–µ–¥–Ω–µ–π –∫–∞—Ä—Ç–æ—Ñ–µ–ª–∏–Ω—ã)
üßÖ –õ—É–∫ —Ä–µ–ø—á–∞—Ç—ã–π ‚Äì 20 –≥ (–ø—Ä–∏–º–µ—Ä–Ω–æ 1/4 —Å—Ä–µ–¥–Ω–µ–π –ª—É–∫–æ–≤–∏—Ü—ã)
üçÖ –ü–æ–º–∏–¥–æ—Ä (–ø–æ –∂–µ–ª–∞–Ω–∏—é) ‚Äì 1 —à—Ç. —Å—Ä–µ–¥–Ω–µ–≥–æ —Ä–∞–∑–º–µ—Ä–∞
–õ–∞–≤—Ä–æ–≤—ã–π –ª–∏—Å—Ç ‚Äì 1 —à—Ç.
–í–æ–¥–∞ ‚Äì 300 –º–ª
üßÇ –°–æ–ª—å ‚Äì –ø–æ –≤–∫—É—Å—É (–º–∏–Ω–∏–º–∞–ª—å–Ω–æ–µ –∫–æ–ª–∏—á–µ—Å—Ç–≤–æ)
üßà –†–∞—Å—Ç–∏—Ç–µ–ª—å–Ω–æ–µ –º–∞—Å–ª–æ (–¥–ª—è —Ç—É—à–µ–Ω–∏—è –æ–≤–æ—â–µ–π) ‚Äì 1 —á. –ª–æ–∂–∫–∞
üåø –ó–µ–ª–µ–Ω—å (—É–∫—Ä–æ–ø, –ø–µ—Ç—Ä—É—à–∫–∞) ‚Äì –¥–ª—è —É–∫—Ä–∞—à–µ–Ω–∏—è","–ö–∞–ø—É—Å—Ç—É –Ω–∞—à–∏–Ω–∫—É–π—Ç–µ —Ç–æ–Ω–∫–∏–º–∏ –ø–æ–ª–æ—Å–∫–∞–º–∏.
–ú–æ—Ä–∫–æ–≤—å –æ—á–∏—Å—Ç–∏—Ç–µ –∏ –Ω–∞—Ç—Ä–∏—Ç–µ –Ω–∞ –∫—Ä—É–ø–Ω–æ–π —Ç–µ—Ä–∫–µ –∏–ª–∏ –Ω–∞—Ä–µ–∂—å—Ç–µ —Ç–æ–Ω–∫–∏–º–∏ –∫—Ä—É–∂–æ—á–∫–∞–º–∏.
–ö–∞—Ä—Ç–æ—Ñ–µ–ª—å –æ—á–∏—Å—Ç–∏—Ç–µ –∏ –Ω–∞—Ä–µ–∂—å—Ç–µ –Ω–µ–±–æ–ª—å—à–∏–º–∏ –∫—É–±–∏–∫–∞–º–∏.
–õ—É–∫ –æ—á–∏—Å—Ç–∏—Ç–µ –∏ –Ω–∞—Ä–µ–∂—å—Ç–µ –º–µ–ª–∫–∏–º–∏ –∫—É–±–∏–∫–∞–º–∏.
–ï—Å–ª–∏ –∏—Å–ø–æ–ª—å–∑—É–µ—Ç–µ –ø–æ–º–∏–¥–æ—Ä, –æ—á–∏—Å—Ç–∏—Ç–µ –µ–≥–æ –æ—Ç –∫–æ–∂—É—Ä—ã (–º–æ–∂–Ω–æ –æ–±–¥–∞—Ç—å –∫–∏–ø—è—Ç–∫–æ–º –¥–ª—è –æ–±–ª–µ–≥—á–µ–Ω–∏—è –ø—Ä–æ—Ü–µ—Å—Å–∞) –∏ –Ω–∞—Ä–µ–∂—å—Ç–µ –∫—É–±–∏–∫–∞–º–∏.
–í –∫–∞—Å—Ç—Ä—é–ª–µ —Ä–∞–∑–æ–≥—Ä–µ–π—Ç–µ —Ä–∞—Å—Ç–∏—Ç–µ–ª—å–Ω–æ–µ –º–∞—Å–ª–æ –∏ –æ–±–∂–∞—Ä—å—Ç–µ –ª—É–∫ –¥–æ –ø—Ä–æ–∑—Ä–∞—á–Ω–æ—Å—Ç–∏.
–î–æ–±–∞–≤—å—Ç–µ –∫ –ª—É–∫—É –Ω–∞—Ç–µ—Ä—Ç—É—é –º–æ—Ä–∫–æ–≤—å –∏ —Ç—É—à–∏—Ç–µ –Ω–µ—Å–∫–æ–ª—å–∫–æ –º–∏–Ω—É—Ç.
–ï—Å–ª–∏ –∏—Å–ø–æ–ª—å–∑—É–µ—Ç–µ –ø–æ–º–∏–¥–æ—Ä, –¥–æ–±–∞–≤—å—Ç–µ –µ–≥–æ –∫ –ª—É–∫—É –∏ –º–æ—Ä–∫–æ–≤–∏ –∏ —Ç—É—à–∏—Ç–µ –µ—â–µ 2-3 –º–∏–Ω—É—Ç—ã.
–í –∫–∞—Å—Ç—Ä—é–ª—é —Å —Ç—É—à–µ–Ω—ã–º–∏ –æ–≤–æ—â–∞–º–∏ –¥–æ–±–∞–≤—å—Ç–µ –≤–æ–¥—É, –¥–æ–≤–µ–¥–∏—Ç–µ –¥–æ –∫–∏–ø–µ–Ω–∏—è.
–î–æ–±–∞–≤—å—Ç–µ –Ω–∞—Ä–µ–∑–∞–Ω–Ω—ã–π –∫–∞—Ä—Ç–æ—Ñ–µ–ª—å –∏ –∫–∞–ø—É—Å—Ç—É.
–í–∞—Ä–∏—Ç–µ –Ω–∞ —Å—Ä–µ–¥–Ω–µ–º –æ–≥–Ω–µ 15-20 –º–∏–Ω—É—Ç, –ø–æ–∫–∞ –∫–∞—Ä—Ç–æ—Ñ–µ–ª—å –∏ –∫–∞–ø—É—Å—Ç–∞ –Ω–µ —Å—Ç–∞–Ω—É—Ç –º—è–≥–∫–∏–º–∏.
–í –∫–æ–Ω—Ü–µ –≤–∞—Ä–∫–∏ –¥–æ–±–∞–≤—å—Ç–µ –ª–∞–≤—Ä–æ–≤—ã–π –ª–∏—Å—Ç –∏ –ø–æ—Å–æ–ª–∏—Ç–µ –ø–æ –≤–∫—É—Å—É, –∏—Å–ø–æ–ª—å–∑—É—è –º–∏–Ω–∏–º–∞–ª—å–Ω–æ–µ –∫–æ–ª–∏—á–µ—Å—Ç–≤–æ —Å–æ–ª–∏.
–í—ã–Ω—å—Ç–µ –ª–∞–≤—Ä–æ–≤—ã–π –ª–∏—Å—Ç –ø–µ—Ä–µ–¥ –ø–æ–¥–∞—á–µ–π.
–ü–æ–¥–∞–≤–∞–π—Ç–µ —â–∏, —É–∫—Ä–∞—Å–∏–≤ —Å–≤–µ–∂–µ–π –∑–µ–ª–µ–Ω—å—é.",—â–∏,–æ–≤–æ—â–Ω–æ–π,–ü–µ—Ä–≤–æ–µ –±–ª—é–¥–æ
11,–°—É–ø –∫—Ä—É–ø—è–Ω–æ–π –Ω–∞ –∫—É—Ä–∏–Ω–æ–º –±—É–ª—å–æ–Ω–µ,"–ö—É—Ä–∏–Ω–æ–µ —Ñ–∏–ª–µ ‚Äì 50 –≥
–í–æ–¥–∞ ‚Äì 300 –º–ª (–¥–ª—è –±—É–ª—å–æ–Ω–∞)
üåæ –ö—Ä—É–ø–∞ (–≥—Ä–µ—á–Ω–µ–≤–∞—è, —Ä–∏—Å–æ–≤–∞—è –∏–ª–∏ –±—É–ª–≥—É—Ä) ‚Äì 2 —Å—Ç. –ª–æ–∂–∫–∏ (–æ–∫–æ–ª–æ 20-25 –≥)
ü•ï –ú–æ—Ä–∫–æ–≤—å ‚Äì 30 –≥ (–ø—Ä–∏–º–µ—Ä–Ω–æ 1/3 —Å—Ä–µ–¥–Ω–µ–π –º–æ—Ä–∫–æ–≤–∏)
ü•î –ö–∞—Ä—Ç–æ—Ñ–µ–ª—å ‚Äì 50 –≥ (–ø—Ä–∏–º–µ—Ä–Ω–æ 1/2 —Å—Ä–µ–¥–Ω–µ–π –∫–∞—Ä—Ç–æ—Ñ–µ–ª–∏–Ω—ã)
–õ–∞–≤—Ä–æ–≤—ã–π –ª–∏—Å—Ç ‚Äì 1 —à—Ç.
üßÇ –°–æ–ª—å ‚Äì –ø–æ –≤–∫—É—Å—É (—Ä–µ–∫–æ–º–µ–Ω–¥—É–µ—Ç—Å—è –º–∏–Ω–∏–º–∞–ª—å–Ω–æ–µ –∫–æ–ª–∏—á–µ—Å—Ç–≤–æ)
üåø –ó–µ–ª–µ–Ω—å (—É–∫—Ä–æ–ø, –ø–µ—Ç—Ä—É—à–∫–∞) ‚Äì –¥–ª—è —É–∫—Ä–∞—à–µ–Ω–∏—è","–ö—É—Ä–∏–Ω–æ–µ —Ñ–∏–ª–µ –ø—Ä–æ–º–æ–π—Ç–µ –∏ –ø–æ–ª–æ–∂–∏—Ç–µ –≤ –∫–∞—Å—Ç—Ä—é–ª—é —Å –≤–æ–¥–æ–π.
–î–æ–≤–µ–¥–∏—Ç–µ –≤–æ–¥—É –¥–æ –∫–∏–ø–µ–Ω–∏—è, —Å–Ω–∏–º–∏—Ç–µ –ø–µ–Ω—É –∏ –¥–æ–±–∞–≤—å—Ç–µ –ª–∞–≤—Ä–æ–≤—ã–π –ª–∏—Å—Ç.
–í–∞—Ä–∏—Ç–µ –Ω–∞ —Å—Ä–µ–¥–Ω–µ–º –æ–≥–Ω–µ 15-20 –º–∏–Ω—É—Ç –¥–æ –≥–æ—Ç–æ–≤–Ω–æ—Å—Ç–∏ –∫—É—Ä–∏–Ω–æ–≥–æ —Ñ–∏–ª–µ.
–î–æ—Å—Ç–∞–Ω—å—Ç–µ —Ñ–∏–ª–µ –∏–∑ –±—É–ª—å–æ–Ω–∞ –∏ –Ω–∞—Ä–µ–∂—å—Ç–µ –Ω–µ–±–æ–ª—å—à–∏–º–∏ –∫—É–±–∏–∫–∞–º–∏ –∏–ª–∏ –æ—Å—Ç–∞–≤—å—Ç–µ —Ü–µ–ª—ã–º, –µ—Å–ª–∏ –ø–ª–∞–Ω–∏—Ä—É–µ—Ç–µ –ø–æ–¥–∞—Ç—å –µ–≥–æ –≤–º–µ—Å—Ç–µ —Å —Å—É–ø–æ–º.
–í –≤—ã–±—Ä–∞–Ω–Ω—É—é –∫—Ä—É–ø—É (–≥—Ä–µ—á–∫—É, —Ä–∏—Å –∏–ª–∏ –±—É–ª–≥—É—Ä) –ø—Ä–æ–º–æ–π—Ç–µ –∏ –¥–æ–±–∞–≤—å—Ç–µ –≤ –∫–∏–ø—è—â–∏–π –∫—É—Ä–∏–Ω—ã–π –±—É–ª—å–æ–Ω.
–ú–æ—Ä–∫–æ–≤—å –æ—á–∏—Å—Ç–∏—Ç–µ –∏ –Ω–∞—Ä–µ–∂—å—Ç–µ —Ç–æ–Ω–∫–∏–º–∏ –∫—Ä—É–∂–æ—á–∫–∞–º–∏ –∏–ª–∏ –∫—É–±–∏–∫–∞–º–∏.
–ö–∞—Ä—Ç–æ—Ñ–µ–ª—å –æ—á–∏—Å—Ç–∏—Ç–µ –∏ –Ω–∞—Ä–µ–∂—å—Ç–µ –Ω–µ–±–æ–ª—å—à–∏–º–∏ –∫—É–±–∏–∫–∞–º–∏.
–î–æ–±–∞–≤—å—Ç–µ –Ω–∞—Ä–µ–∑–∞–Ω–Ω—ã–π –∫–∞—Ä—Ç–æ—Ñ–µ–ª—å –∏ –º–æ—Ä–∫–æ–≤—å –≤ –±—É–ª—å–æ–Ω —Å –∫—Ä—É–ø–æ–π.
–í–∞—Ä–∏—Ç–µ –Ω–∞ —Å—Ä–µ–¥–Ω–µ–º –æ–≥–Ω–µ 15-20 –º–∏–Ω—É—Ç, –ø–æ–∫–∞ –∫—Ä—É–ø–∞ –∏ –æ–≤–æ—â–∏ –Ω–µ —Å—Ç–∞–Ω—É—Ç –º—è–≥–∫–∏–º–∏.
–ü–æ—Å–æ–ª–∏—Ç–µ —Å—É–ø –ø–æ –≤–∫—É—Å—É, –Ω–æ —Å—Ç–∞—Ä–∞–π—Ç–µ—Å—å –∏—Å–ø–æ–ª—å–∑–æ–≤–∞—Ç—å –º–∏–Ω–∏–º–∞–ª—å–Ω–æ–µ –∫–æ–ª–∏—á–µ—Å—Ç–≤–æ —Å–æ–ª–∏.
–í–µ—Ä–Ω–∏—Ç–µ –Ω–∞—Ä–µ–∑–∞–Ω–Ω–æ–µ –∫—É—Ä–∏–Ω–æ–µ —Ñ–∏–ª–µ –≤ —Å—É–ø.
–í—ã–Ω—å—Ç–µ –ª–∞–≤—Ä–æ–≤—ã–π –ª–∏—Å—Ç –ø–µ—Ä–µ–¥ –ø–æ–¥–∞—á–µ–π.
–†–∞–∑–ª–µ–π—Ç–µ —Å—É–ø –ø–æ —Ç–∞—Ä–µ–ª–∫–∞–º –∏ —É–∫—Ä–∞—Å—å—Ç–µ —Å–≤–µ–∂–µ–π –∑–µ–ª–µ–Ω—å—é.",—Å—É–ø,–∫—Ä—É–ø—è–Ω–æ–π,–ü–µ—Ä–≤–æ–µ –±–ª—é–¥–æ
12,–°—É–ø –∫—Ä—É–ø—è–Ω–æ–π —Å —Ü–≤–µ—Ç–Ω–æ–π –∫–∞–ø—É—Å—Ç–æ–π –∏–ª–∏ –±—Ä–æ–∫–∫–æ–ª–∏,"üçö –ö—Ä—É–ø–∞ (–≥—Ä–µ—á–∫–∞, —Ä–∏—Å, –±—É–ª–≥—É—Ä –∏–ª–∏ –ø–µ—Ä–ª–æ–≤–∫–∞) ‚Äì 2 —Å—Ç. –ª. (30 –≥)
ü•î –ö–∞—Ä—Ç–æ—Ñ–µ–ª—å ‚Äì 1 —à—Ç. (—Å—Ä–µ–¥–Ω–∏–π, 100 –≥)
ü•ï –ú–æ—Ä–∫–æ–≤—å ‚Äì 1/2 —à—Ç. (50 –≥)
üßÖ –õ—É–∫ ‚Äì 1/4 —à—Ç.
ü•¶ –¶–≤–µ—Ç–Ω–∞—è –∫–∞–ø—É—Å—Ç–∞ (–∏–ª–∏ –±—Ä–æ–∫–∫–æ–ª–∏) ‚Äì 50 –≥
–í–æ–¥–∞ ‚Äì 300-400 –º–ª
üßÇ –°–æ–ª—å ‚Äì –ø–æ –≤–∫—É—Å—É
–õ–∞–≤—Ä–æ–≤—ã–π –ª–∏—Å—Ç ‚Äì 1 —à—Ç.
üåø –°–≤–µ–∂–∞—è –∑–µ–ª–µ–Ω—å (—É–∫—Ä–æ–ø, –ø–µ—Ç—Ä—É—à–∫–∞) ‚Äì –ø–æ –∂–µ–ª–∞–Ω–∏—é","–ü—Ä–æ–º–æ–π—Ç–µ –≤—ã–±—Ä–∞–Ω–Ω—É—é –∫—Ä—É–ø—É (–≥—Ä–µ—á–∫—É, —Ä–∏—Å, –±—É–ª–≥—É—Ä –∏–ª–∏ –ø–µ—Ä–ª–æ–≤–∫—É). –ï—Å–ª–∏ –∏—Å–ø–æ–ª—å–∑—É–µ—Ç–µ –ø–µ—Ä–ª–æ–≤–∫—É, –µ—ë –º–æ–∂–Ω–æ –∑–∞–º–æ—á–∏—Ç—å –Ω–∞ –Ω–µ—Å–∫–æ–ª—å–∫–æ —á–∞—Å–æ–≤ –∑–∞—Ä–∞–Ω–µ–µ.
–ö–∞—Ä—Ç–æ—Ñ–µ–ª—å –æ—á–∏—Å—Ç–∏—Ç–µ –∏ –Ω–∞—Ä–µ–∂—å—Ç–µ –∫—É–±–∏–∫–∞–º–∏.
–ú–æ—Ä–∫–æ–≤—å –Ω–∞—Ä–µ–∂—å—Ç–µ –∫—Ä—É–∂–æ—á–∫–∞–º–∏ –∏–ª–∏ –º–µ–ª–∫–∏–º–∏ –∫—É–±–∏–∫–∞–º–∏.
–õ—É–∫ –º–µ–ª–∫–æ –Ω–∞—à–∏–Ω–∫—É–π—Ç–µ.
–¶–≤–µ—Ç–Ω—É—é –∫–∞–ø—É—Å—Ç—É (–∏–ª–∏ –±—Ä–æ–∫–∫–æ–ª–∏) —Ä–∞–∑–±–µ—Ä–∏—Ç–µ –Ω–∞ –Ω–µ–±–æ–ª—å—à–∏–µ —Å–æ—Ü–≤–µ—Ç–∏—è.
–í –∫–∞—Å—Ç—Ä—é–ª—é –Ω–∞–ª–µ–π—Ç–µ –≤–æ–¥—É –∏ –¥–æ–≤–µ–¥–∏—Ç–µ –µ—ë –¥–æ –∫–∏–ø–µ–Ω–∏—è.
–î–æ–±–∞–≤—å—Ç–µ –∫–∞—Ä—Ç–æ—Ñ–µ–ª—å, –º–æ—Ä–∫–æ–≤—å, –ª—É–∫ –∏ –∫—Ä—É–ø—É. –í–∞—Ä–∏—Ç–µ –æ–∫–æ–ª–æ 15 –º–∏–Ω—É—Ç –Ω–∞ —Å—Ä–µ–¥–Ω–µ–º –æ–≥–Ω–µ.
–ó–∞—Ç–µ–º –¥–æ–±–∞–≤—å—Ç–µ —Ü–≤–µ—Ç–Ω—É—é –∫–∞–ø—É—Å—Ç—É –∏–ª–∏ –±—Ä–æ–∫–∫–æ–ª–∏ –∏ –≤–∞—Ä–∏—Ç–µ –µ—â—ë 5-7 –º–∏–Ω—É—Ç –¥–æ –≥–æ—Ç–æ–≤–Ω–æ—Å—Ç–∏ –≤—Å–µ—Ö –∏–Ω–≥—Ä–µ–¥–∏–µ–Ω—Ç–æ–≤.
–î–æ–±–∞–≤—å—Ç–µ –ª–∞–≤—Ä–æ–≤—ã–π –ª–∏—Å—Ç –∏ –ø–æ—Å–æ–ª–∏—Ç–µ —Å—É–ø –ø–æ –≤–∫—É—Å—É –∑–∞ 5 –º–∏–Ω—É—Ç –¥–æ –æ–∫–æ–Ω—á–∞–Ω–∏—è –≤–∞—Ä–∫–∏.
–°–Ω–∏–º–∏—Ç–µ —Å—É–ø —Å –æ–≥–Ω—è, —É–¥–∞–ª–∏—Ç–µ –ª–∞–≤—Ä–æ–≤—ã–π –ª–∏—Å—Ç.
–ü–µ—Ä–µ–¥ –ø–æ–¥–∞—á–µ–π –ø–æ—Å—ã–ø—å—Ç–µ —Å–≤–µ–∂–µ–π –∑–µ–ª–µ–Ω—å—é. –°—É–ø –ø–æ–¥–∞—ë—Ç—Å—è –≥–æ—Ä—è—á–∏–º.",—Å—É–ø,–∫—Ä—É–ø—è–Ω–æ–π,–ü–µ—Ä–≤–æ–µ –±–ª—é–¥–æ
13,–°—É–ø –º–æ–ª–æ—á–Ω—ã–π —Å –∫—Ä—É–ø–æ–π,"üçö –ö—Ä—É–ø–∞ (—Ä–∏—Å, –º–∞–Ω–∫–∞, –≥—Ä–µ—á–∫–∞) ‚Äì 2 —Å—Ç–æ–ª–æ–≤—ã–µ –ª–æ–∂–∫–∏
ü•õ –ú–æ–ª–æ–∫–æ (–∫–æ—Ä–æ–≤—å–µ, –º–∏–Ω–¥–∞–ª—å–Ω–æ–µ –∏–ª–∏ –¥—Ä—É–≥–æ–µ) ‚Äì 200 –º–ª
–í–æ–¥–∞ ‚Äì 100 –º–ª
üßÇ –°–æ–ª—å ‚Äì –ø–æ –≤–∫—É—Å—É
üç¨ –°–∞—Ö–∞—Ä ‚Äì 1 —á–∞–π–Ω–∞—è –ª–æ–∂–∫–∞ (–ø–æ –∂–µ–ª–∞–Ω–∏—é)","–ü—Ä–æ–º–æ–π—Ç–µ –≤—ã–±—Ä–∞–Ω–Ω—É—é –∫—Ä—É–ø—É –≤ —Ö–æ–ª–æ–¥–Ω–æ–π –≤–æ–¥–µ, –æ—Å–æ–±–µ–Ω–Ω–æ –µ—Å–ª–∏ –∏—Å–ø–æ–ª—å–∑—É–µ—Ç–µ —Ä–∏—Å –∏–ª–∏ –≥—Ä–µ—á–∫—É, —á—Ç–æ–±—ã —É–¥–∞–ª–∏—Ç—å –∏–∑–ª–∏—à–∫–∏ –∫—Ä–∞—Ö–º–∞–ª–∞.
–í –Ω–µ–±–æ–ª—å—à–æ–π –∫–∞—Å—Ç—Ä—é–ª–µ –¥–æ–≤–µ–¥–∏—Ç–µ –¥–æ –∫–∏–ø–µ–Ω–∏—è 100 –º–ª –≤–æ–¥—ã, –¥–æ–±–∞–≤—å—Ç–µ –ø—Ä–æ–º—ã—Ç—É—é –∫—Ä—É–ø—É –∏ –≤–∞—Ä–∏—Ç–µ –Ω–∞ —Å–ª–∞–±–æ–º –æ–≥–Ω–µ 5-10 –º–∏–Ω—É—Ç, –ø–æ–∫–∞ –∫—Ä—É–ø–∞ –Ω–µ –Ω–∞—á–Ω–µ—Ç —Ä–∞–∑–º—è–≥—á–∞—Ç—å—Å—è.
–í–ª–µ–π—Ç–µ 200 –º–ª –º–æ–ª–æ–∫–∞ –≤ –∫–∞—Å—Ç—Ä—é–ª—é, —Ö–æ—Ä–æ—à–æ –ø–µ—Ä–µ–º–µ—à–∞–π—Ç–µ. –£–º–µ–Ω—å—à–∏—Ç–µ –æ–≥–æ–Ω—å –∏ –ø—Ä–æ–¥–æ–ª–∂–∞–π—Ç–µ –≤–∞—Ä–∏—Ç—å, –ø–µ—Ä–∏–æ–¥–∏—á–µ—Å–∫–∏ –ø–æ–º–µ—à–∏–≤–∞—è, —á—Ç–æ–±—ã –∫—Ä—É–ø–∞ –Ω–µ –ø—Ä–∏–ª–∏–ø–∞–ª–∞ –∫–æ –¥–Ω—É.
–î–æ–±–∞–≤—å—Ç–µ —Å–æ–ª—å –ø–æ –≤–∫—É—Å—É –∏, –µ—Å–ª–∏ —Ö–æ—Ç–∏—Ç–µ, –Ω–µ–º–Ω–æ–≥–æ —Å–∞—Ö–∞—Ä–∞.
–í–∞—Ä–∏—Ç–µ —Å—É–ø –¥–æ –ø–æ–ª–Ω–æ–π –≥–æ—Ç–æ–≤–Ω–æ—Å—Ç–∏ –∫—Ä—É–ø—ã, –ø—Ä–∏–º–µ—Ä–Ω–æ 10-15 –º–∏–Ω—É—Ç. –°—É–ø –¥–æ–ª–∂–µ–Ω —Å—Ç–∞—Ç—å –æ–¥–Ω–æ—Ä–æ–¥–Ω—ã–º –∏ –≥—É—Å—Ç–æ–≤–∞—Ç—ã–º.
–ü–æ–¥–∞–≤–∞–π—Ç–µ —Å—É–ø —Ç–µ–ø–ª—ã–º. –ü–æ –∂–µ–ª–∞–Ω–∏—é, –º–æ–∂–Ω–æ –¥–æ–±–∞–≤–∏—Ç—å –Ω–µ–º–Ω–æ–≥–æ —Å–ª–∏–≤–æ—á–Ω–æ–≥–æ –º–∞—Å–ª–∞ –∏–ª–∏ –º–µ–¥–∞ –¥–ª—è —É–ª—É—á—à–µ–Ω–∏—è –≤–∫—É—Å–∞ (–µ—Å–ª–∏ –¥–∏–µ—Ç–∞ –ø–æ–∑–≤–æ–ª—è–µ—Ç).",—Å—É–ø,–º–æ–ª–æ—á–Ω—ã–π,–ü–µ—Ä–≤–æ–µ –±–ª—é–¥–æ
14,–°—É–ø –º–æ–ª–æ—á–Ω—ã–π —Å –≤–µ—Ä–º–∏—à–µ–ª—å—é,"ü•õ –ú–æ–ª–æ–∫–æ (–∫–æ—Ä–æ–≤—å–µ, –º–∏–Ω–¥–∞–ª—å–Ω–æ–µ –∏–ª–∏ –¥—Ä—É–≥–æ–µ) ‚Äì 250 –º–ª
–í–æ–¥–∞ ‚Äì 100 –º–ª
–í–µ—Ä–º–∏—à–µ–ª—å (–º–µ–ª–∫–∞—è) ‚Äì 30 –≥
üç¨ –°–∞—Ö–∞—Ä ‚Äì –ø–æ –≤–∫—É—Å—É (–æ–ø—Ü–∏–æ–Ω–∞–ª—å–Ω–æ, 1/2 —á.–ª.)
üßÇ –°–æ–ª—å ‚Äì —â–µ–ø–æ—Ç–∫–∞
üßà –ú–∞—Å–ª–æ —Å–ª–∏–≤–æ—á–Ω–æ–µ ‚Äì 1 —á.–ª. (–ø–æ –∂–µ–ª–∞–Ω–∏—é)","–ù–∞–ª–µ–π—Ç–µ –≤–æ–¥—É –≤ –∫–∞—Å—Ç—Ä—é–ª—é, –¥–æ–≤–µ–¥–∏—Ç–µ –¥–æ –∫–∏–ø–µ–Ω–∏—è.
–ü–æ—Å–ª–µ –∑–∞–∫–∏–ø–∞–Ω–∏—è –≤–æ–¥—ã –¥–æ–±–∞–≤—å—Ç–µ –≤–µ—Ä–º–∏—à–µ–ª—å. –í–∞—Ä–∏—Ç–µ –µ–µ –Ω–∞ —Å—Ä–µ–¥–Ω–µ–º –æ–≥–Ω–µ 3-5 –º–∏–Ω—É—Ç –¥–æ –ø–æ–ª—É–≥–æ—Ç–æ–≤–Ω–æ—Å—Ç–∏.
–í–ª–µ–π—Ç–µ –º–æ–ª–æ–∫–æ –≤ –∫–∞—Å—Ç—Ä—é–ª—é –∫ –≤–µ—Ä–º–∏—à–µ–ª–∏, –ø–µ—Ä–µ–º–µ—à–∞–π—Ç–µ. –í–∞—Ä–∏—Ç–µ –Ω–∞ –Ω–µ–±–æ–ª—å—à–æ–º –æ–≥–Ω–µ, –ø–æ—Å—Ç–æ—è–Ω–Ω–æ –ø–æ–º–µ—à–∏–≤–∞—è, —á—Ç–æ–±—ã –º–æ–ª–æ–∫–æ –Ω–µ –ø–æ–¥–≥–æ—Ä–µ–ª–æ.
–ö–æ–≥–¥–∞ —Å—É–ø –∑–∞–∫–∏–ø–∏—Ç, –¥–æ–±–∞–≤—å—Ç–µ —â–µ–ø–æ—Ç–∫—É —Å–æ–ª–∏ –∏ –ø–æ –∂–µ–ª–∞–Ω–∏—é —Å–∞—Ö–∞—Ä. –í–∞—Ä–∏—Ç–µ –µ—â–µ 3-4 –º–∏–Ω—É—Ç—ã, –ø–æ–∫–∞ –≤–µ—Ä–º–∏—à–µ–ª—å –Ω–µ —Å—Ç–∞–Ω–µ—Ç –º—è–≥–∫–æ–π.
–ü–æ—Å–ª–µ —Ç–æ–≥–æ –∫–∞–∫ —Å—É–ø –±—É–¥–µ—Ç –≥–æ—Ç–æ–≤, –º–æ–∂–Ω–æ –¥–æ–±–∞–≤–∏—Ç—å –Ω–µ–º–Ω–æ–≥–æ —Å–ª–∏–≤–æ—á–Ω–æ–≥–æ –º–∞—Å–ª–∞ –¥–ª—è –≤–∫—É—Å–∞.
–ú–æ–ª–æ—á–Ω—ã–π —Å—É–ø —Å –≤–µ—Ä–º–∏—à–µ–ª—å—é –ø–æ–¥–∞–≤–∞–π—Ç–µ —Ç–µ–ø–ª—ã–º.",—Å—É–ø,–º–æ–ª–æ—á–Ω—ã–π,–ü–µ—Ä–≤–æ–µ –±–ª—é–¥–æ
15,–ë—É–ª—å–æ–Ω –∫—É—Ä–∏–Ω—ã–π —Å –æ–≤–æ—â–∞–º–∏,"–ö—É—Ä–∏–Ω–æ–µ —Ñ–∏–ª–µ (–∏–ª–∏ –≥—Ä—É–¥–∫–∞) ‚Äì 100 –≥
–í–æ–¥–∞ ‚Äì 400 –º–ª
ü•ï –ú–æ—Ä–∫–æ–≤—å ‚Äì 1/2 —à—Ç—É–∫–∏
ü•¨ –¶–≤–µ—Ç–Ω–∞—è –∫–∞–ø—É—Å—Ç–∞ ‚Äì 50 –≥
ü•¶ –ë—Ä–æ–∫–∫–æ–ª–∏ ‚Äì 50 –≥
üßÖ –õ—É–∫ ‚Äì 1/4 –≥–æ–ª–æ–≤–∫–∏
üåø –°–µ–ª—å–¥–µ—Ä–µ–π ‚Äì 1 —Å—Ç–µ–±–µ–ª—å (–ø–æ –∂–µ–ª–∞–Ω–∏—é)
–õ–∞–≤—Ä–æ–≤—ã–π –ª–∏—Å—Ç ‚Äì 1 —à—Ç.
üßÇ –°–æ–ª—å ‚Äì –ø–æ –≤–∫—É—Å—É
üåø –ó–µ–ª–µ–Ω—å (—É–∫—Ä–æ–ø, –ø–µ—Ç—Ä—É—à–∫–∞) ‚Äì –ø–æ –≤–∫—É—Å—É","–ö—É—Ä–∏–Ω–æ–µ —Ñ–∏–ª–µ –ø—Ä–æ–º–æ–π—Ç–µ –∏ –ø–æ–ª–æ–∂–∏—Ç–µ –≤ –∫–∞—Å—Ç—Ä—é–ª—é. –ó–∞–ª–µ–π—Ç–µ 400 –º–ª –≤–æ–¥—ã –∏ –¥–æ–≤–µ–¥–∏—Ç–µ –¥–æ –∫–∏–ø–µ–Ω–∏—è. –ü–æ—Å–ª–µ –∑–∞–∫–∏–ø–∞–Ω–∏—è —Å–Ω–∏–º–∏—Ç–µ –ø–µ–Ω—É –∏ –≤–∞—Ä–∏—Ç–µ –Ω–∞ —Å–ª–∞–±–æ–º –æ–≥–Ω–µ –æ–∫–æ–ª–æ 20 –º–∏–Ω—É—Ç.
–ü–æ–∫–∞ –∫—É—Ä–∏—Ü–∞ –≤–∞—Ä–∏—Ç—Å—è, –æ—á–∏—Å—Ç–∏—Ç–µ –∏ –Ω–∞—Ä–µ–∂—å—Ç–µ –º–æ—Ä–∫–æ–≤—å –∫–æ–ª—å—Ü–∞–º–∏ –∏–ª–∏ –∫—É–±–∏–∫–∞–º–∏. –¶–≤–µ—Ç–Ω—É—é –∫–∞–ø—É—Å—Ç—É –∏ –±—Ä–æ–∫–∫–æ–ª–∏ —Ä–∞–∑–¥–µ–ª–∏—Ç–µ –Ω–∞ –Ω–µ–±–æ–ª—å—à–∏–µ —Å–æ—Ü–≤–µ—Ç–∏—è. –õ—É–∫ –Ω–∞—Ä–µ–∂—å—Ç–µ –∫—É–±–∏–∫–∞–º–∏, —Å–µ–ª—å–¥–µ—Ä–µ–π –Ω–∞—Ä–µ–∂—å—Ç–µ –ª–æ–º—Ç–∏–∫–∞–º–∏ (–µ—Å–ª–∏ –∏—Å–ø–æ–ª—å–∑—É–µ—Ç–µ).
–ö–æ–≥–¥–∞ –∫—É—Ä–∏–Ω–æ–µ —Ñ–∏–ª–µ —Å–≤–∞—Ä–∏—Ç—Å—è, –≤—ã–Ω—å—Ç–µ –µ–≥–æ –∏–∑ –±—É–ª—å–æ–Ω–∞, –Ω–∞—Ä–µ–∂—å—Ç–µ –Ω–∞ –Ω–µ–±–æ–ª—å—à–∏–µ –∫—É—Å–æ—á–∫–∏ –∏ –≤–µ—Ä–Ω–∏—Ç–µ –æ–±—Ä–∞—Ç–Ω–æ –≤ –∫–∞—Å—Ç—Ä—é–ª—é. –î–æ–±–∞–≤—å—Ç–µ –Ω–∞—Ä–µ–∑–∞–Ω–Ω—ã–µ –æ–≤–æ—â–∏ –∏ –ª–∞–≤—Ä–æ–≤—ã–π –ª–∏—Å—Ç.
–í–∞—Ä–∏—Ç–µ –±—É–ª—å–æ–Ω —Å –æ–≤–æ—â–∞–º–∏ –Ω–∞ —Å–ª–∞–±–æ–º –æ–≥–Ω–µ –µ—â–µ 15-20 –º–∏–Ω—É—Ç, –ø–æ–∫–∞ –æ–≤–æ—â–∏ –Ω–µ —Å—Ç–∞–Ω—É—Ç –º—è–≥–∫–∏–º–∏. –ü–æ—Å–æ–ª–∏—Ç–µ –ø–æ –≤–∫—É—Å—É.
–°–Ω–∏–º–∏—Ç–µ —Å—É–ø —Å –æ–≥–Ω—è, –¥–æ–±–∞–≤—å—Ç–µ –º–µ–ª–∫–æ –Ω–∞—Ä–µ–∑–∞–Ω–Ω—É—é –∑–µ–ª–µ–Ω—å.
–ü–æ–¥–∞–≤–∞—Ç—å –∫—É—Ä–∏–Ω—ã–π –±—É–ª—å–æ–Ω —Å –æ–≤–æ—â–∞–º–∏ –º–æ–∂–Ω–æ —Ç–µ–ø–ª—ã–º. –î–ª—è —É–ª—É—á—à–µ–Ω–∏—è –≤–∫—É—Å–∞ –º–æ–∂–Ω–æ –¥–æ–±–∞–≤–∏—Ç—å –ª–æ–º—Ç–∏–∫ –ª–∏–º–æ–Ω–∞ (–µ—Å–ª–∏ –ø–µ—Ä–µ–Ω–æ—Å–∏—Ç—Å—è) –∏–ª–∏ –Ω–µ–º–Ω–æ–≥–æ –¥–æ–º–∞—à–Ω–µ–≥–æ —Å—É—Ö–∞—Ä–∏–∫–∞ –∏–∑ —Ü–µ–ª—å–Ω–æ–∑–µ—Ä–Ω–æ–≤–æ–≥–æ —Ö–ª–µ–±–∞.",–±—É–ª—å–æ–Ω,–∫—É—Ä–∏–Ω—ã–π,–ü–µ—Ä–≤–æ–µ –±–ª—é–¥–æ
16,–ö—É—Ä–∏–Ω–∞—è –≥—Ä—É–¥–∫–∞ –Ω–∞ –ø–∞—Ä—É,"–ö—É—Ä–∏–Ω–∞—è –≥—Ä—É–¥–∫–∞ (–±–µ–∑ –∫–æ–∂–∏) ‚Äì 150-200 –≥
üßÇ –°–æ–ª—å ‚Äì –ø–æ –≤–∫—É—Å—É
–õ–∞–≤—Ä–æ–≤—ã–π –ª–∏—Å—Ç ‚Äì 1 —à—Ç. (–ø–æ –∂–µ–ª–∞–Ω–∏—é)
üåø –°–≤–µ–∂–∞—è –∑–µ–ª–µ–Ω—å (—É–∫—Ä–æ–ø, –ø–µ—Ç—Ä—É—à–∫–∞) –¥–ª—è –ø–æ–¥–∞—á–∏","–ü—Ä–æ–º–æ–π—Ç–µ –∫—É—Ä–∏–Ω—É—é –≥—Ä—É–¥–∫—É –ø–æ–¥ —Ö–æ–ª–æ–¥–Ω–æ–π –≤–æ–¥–æ–π –∏ –æ–±—Å—É—à–∏—Ç–µ –±—É–º–∞–∂–Ω—ã–º –ø–æ–ª–æ—Ç–µ–Ω—Ü–µ–º.
–ü—Ä–∏ –Ω–µ–æ–±—Ö–æ–¥–∏–º–æ—Å—Ç–∏ —É–¥–∞–ª–∏—Ç–µ –æ—Å—Ç–∞—Ç–∫–∏ –∂–∏—Ä–∞ –∏ –ø–ª–µ–Ω–æ–∫.
–õ–µ–≥–∫–æ –ø–æ—Å–æ–ª–∏—Ç–µ –≥—Ä—É–¥–∫—É —Å –æ–±–µ–∏—Ö —Å—Ç–æ—Ä–æ–Ω.
–í –µ–º–∫–æ—Å—Ç—å –ø–∞—Ä–æ–≤–∞—Ä–∫–∏ –Ω–∞–ª–µ–π—Ç–µ –≤–æ–¥—É –∏ –¥–æ–±–∞–≤—å—Ç–µ –ª–∞–≤—Ä–æ–≤—ã–π –ª–∏—Å—Ç –¥–ª—è –∞—Ä–æ–º–∞—Ç–∞ (–ø–æ –∂–µ–ª–∞–Ω–∏—é).
–î–æ–≤–µ–¥–∏—Ç–µ –≤–æ–¥—É –¥–æ –∫–∏–ø–µ–Ω–∏—è.
–ü–æ–º–µ—Å—Ç–∏—Ç–µ –∫—É—Ä–∏–Ω—É—é –≥—Ä—É–¥–∫—É –≤ –∫–æ—Ä–∑–∏–Ω—É –ø–∞—Ä–æ–≤–∞—Ä–∫–∏.
–ì–æ—Ç–æ–≤—å—Ç–µ –Ω–∞ –ø–∞—Ä—É –æ–∫–æ–ª–æ 20-25 –º–∏–Ω—É—Ç, –≤ –∑–∞–≤–∏—Å–∏–º–æ—Å—Ç–∏ –æ—Ç —Ç–æ–ª—â–∏–Ω—ã –≥—Ä—É–¥–∫–∏, –ø–æ–∫–∞ –æ–Ω–∞ –Ω–µ —Å—Ç–∞–Ω–µ—Ç –ø–æ–ª–Ω–æ—Å—Ç—å—é –±–µ–ª–æ–π –∏ –Ω–µ–∂–Ω–æ–π –≤–Ω—É—Ç—Ä–∏.
–ß—Ç–æ–±—ã —É–±–µ–¥–∏—Ç—å—Å—è, —á—Ç–æ –≥—Ä—É–¥–∫–∞ –≥–æ—Ç–æ–≤–∞, –ø—Ä–æ–∫–æ–ª–∏—Ç–µ –µ–µ –≤–∏–ª–∫–æ–π ‚Äî —Å–æ–∫ –¥–æ–ª–∂–µ–Ω –±—ã—Ç—å –ø—Ä–æ–∑—Ä–∞—á–Ω—ã–º.
–ü–æ–¥–∞–≤–∞–π—Ç–µ –∫—É—Ä–∏–Ω—É—é –≥—Ä—É–¥–∫—É –≥–æ—Ä—è—á–µ–π, –ø–æ—Å—ã–ø–∞–≤ –º–µ–ª–∫–æ –Ω–∞—Ä–µ–∑–∞–Ω–Ω–æ–π –∑–µ–ª–µ–Ω—å—é –ø–æ –≤–∫—É—Å—É.
–î–ª—è –±–æ–ª—å—à–µ–≥–æ –∞—Ä–æ–º–∞—Ç–∞ –º–æ–∂–Ω–æ –¥–æ–±–∞–≤–∏—Ç—å –≤ –≤–æ–¥—É –ª–∏–º–æ–Ω –∏–ª–∏ —Ç—Ä–∞–≤—ã.",–≤—Ç–æ—Ä–æ–µ –±–ª—é–¥–æ,–∫—É—Ä–∏—Ü–∞,–≤—Ç–æ—Ä–æ–µ –±–ª—é–¥–æ
17,"–ö—É—Ä–∏–Ω–æ–µ —Ñ–∏–ª–µ, –∑–∞–ø–µ—á–µ–Ω–Ω–æ–µ —Å —Ç—Ä–∞–≤–∞–º–∏","–ö—É—Ä–∏–Ω–æ–µ —Ñ–∏–ª–µ ‚Äì 150-200 –≥
üßà –û–ª–∏–≤–∫–æ–≤–æ–µ –º–∞—Å–ª–æ ‚Äì 1 —á. –ª.
–°—É—Ö–∏–µ —Ç—Ä–∞–≤—ã (—Ç–∏–º—å—è–Ω, –æ—Ä–µ–≥–∞–Ω–æ, —Ä–æ–∑–º–∞—Ä–∏–Ω) ‚Äì 1/2 —á. –ª.
üßÑ –ß–µ—Å–Ω–æ–∫ ‚Äì 1 –∑—É–±—á–∏–∫ (–ø–æ –∂–µ–ª–∞–Ω–∏—é)
üßÇ –°–æ–ª—å ‚Äì –ø–æ –≤–∫—É—Å—É
üå∂Ô∏è –°–≤–µ–∂–µ–º–æ–ª–æ—Ç—ã–π —á–µ—Ä–Ω—ã–π –ø–µ—Ä–µ—Ü ‚Äì –ø–æ –≤–∫—É—Å—É (–ø–æ –∂–µ–ª–∞–Ω–∏—é)","–ü—Ä–æ–º–æ–π—Ç–µ –∫—É—Ä–∏–Ω–æ–µ —Ñ–∏–ª–µ –∏ –æ–±—Å—É—à–∏—Ç–µ –±—É–º–∞–∂–Ω—ã–º –ø–æ–ª–æ—Ç–µ–Ω—Ü–µ–º.
–õ–µ–≥–∫–æ –Ω–∞—Ç—Ä–∏—Ç–µ —Ñ–∏–ª–µ —Å–æ–ª—å—é –∏ —Ç—Ä–∞–≤–∞–º–∏.
–ü—Ä–∏ –∂–µ–ª–∞–Ω–∏–∏, –¥–æ–±–∞–≤—å—Ç–µ –Ω–µ–º–Ω–æ–≥–æ —á–µ—Ä–Ω–æ–≥–æ –ø–µ—Ä—Ü–∞.
–í –º–∏—Å–∫–µ —Å–º–µ—à–∞–π—Ç–µ –æ–ª–∏–≤–∫–æ–≤–æ–µ –º–∞—Å–ª–æ —Å –∏–∑–º–µ–ª—å—á–µ–Ω–Ω—ã–º —á–µ—Å–Ω–æ–∫–æ–º –∏ –¥–æ–±–∞–≤—å—Ç–µ —Ç—Ä–∞–≤—ã (—Ç–∏–º—å—è–Ω, –æ—Ä–µ–≥–∞–Ω–æ, —Ä–æ–∑–º–∞—Ä–∏–Ω).
–ù–∞—Ç—Ä–∏—Ç–µ —Ñ–∏–ª–µ –ø–æ–ª—É—á–∏–≤—à–µ–π—Å—è —Å–º–µ—Å—å—é –∏ –æ—Å—Ç–∞–≤—å—Ç–µ –º–∞—Ä–∏–Ω–æ–≤–∞—Ç—å—Å—è –Ω–∞ 15-30 –º–∏–Ω—É—Ç (–º–æ–∂–Ω–æ –º–∞—Ä–∏–Ω–æ–≤–∞—Ç—å –¥–æ–ª—å—à–µ –¥–ª—è –±–æ–ª–µ–µ –Ω–∞—Å—ã—â–µ–Ω–Ω–æ–≥–æ –≤–∫—É—Å–∞).
–†–∞–∑–æ–≥—Ä–µ–π—Ç–µ –¥—É—Ö–æ–≤–∫—É –¥–æ 180¬∞C.
–í—ã–ª–æ–∂–∏—Ç–µ —Ñ–∏–ª–µ –≤ —Ñ–æ—Ä–º—É –¥–ª—è –∑–∞–ø–µ–∫–∞–Ω–∏—è –∏–ª–∏ –Ω–∞ –ø—Ä–æ—Ç–∏–≤–µ–Ω—å, –∑–∞—Å—Ç–µ–ª–µ–Ω–Ω—ã–π –ø–µ—Ä–≥–∞–º–µ–Ω—Ç–æ–º.
–ó–∞–ø–µ–∫–∞–π—Ç–µ –≤ —Ç–µ—á–µ–Ω–∏–µ 20-25 –º–∏–Ω—É—Ç, –ø–æ–∫–∞ –∫—É—Ä–∏—Ü–∞ –Ω–µ —Å—Ç–∞–Ω–µ—Ç –∑–æ–ª–æ—Ç–∏—Å—Ç–æ–π –∏ –ø–æ–ª–Ω–æ—Å—Ç—å—é –ø—Ä–∏–≥–æ—Ç–æ–≤–ª–µ–Ω–Ω–æ–π (–≤–Ω—É—Ç—Ä–µ–Ω–Ω—è—è —Ç–µ–º–ø–µ—Ä–∞—Ç—É—Ä–∞ –∫—É—Ä–∏—Ü—ã –¥–æ–ª–∂–Ω–∞ –¥–æ—Å—Ç–∏—á—å 75¬∞C).
–ü–æ–¥–∞–≤–∞–π—Ç–µ –≥–æ—Ä—è—á–∏–º —Å –≥–∞—Ä–Ω–∏—Ä–æ–º –∏–∑ –æ–≤–æ—â–µ–π –∏–ª–∏ –∫–∞—à–∏. –ú–æ–∂–Ω–æ —É–∫—Ä–∞—Å–∏—Ç—å —Å–≤–µ–∂–µ–π –∑–µ–ª–µ–Ω—å—é.
–î–ª—è —Å–æ—á–Ω–æ—Å—Ç–∏ –º–æ–∂–Ω–æ –∑–∞–≤–µ—Ä–Ω—É—Ç—å –∫—É—Ä–∏–Ω–æ–µ —Ñ–∏–ª–µ –≤ —Ñ–æ–ª—å–≥—É –Ω–∞ –≤—Ä–µ–º—è –∑–∞–ø–µ–∫–∞–Ω–∏—è, –∞ –∑–∞ 5 –º–∏–Ω—É—Ç –¥–æ –≥–æ—Ç–æ–≤–Ω–æ—Å—Ç–∏ —Ä–∞—Å–∫—Ä—ã—Ç—å –¥–ª—è –ø–æ–¥—Ä—É–º—è–Ω–∏–≤–∞–Ω–∏—è.",–≤—Ç–æ—Ä–æ–µ –±–ª—é–¥–æ,–∫—É—Ä–∏—Ü–∞,–≤—Ç–æ—Ä–æ–µ –±–ª—é–¥–æ
18,"–ö—É—Ä–∏–Ω–æ–µ —Ñ–∏–ª–µ, —Ç—É—à–µ–Ω–æ–µ –≤ —Å–æ–±—Å—Ç–≤–µ–Ω–Ω–æ–º —Å–æ–∫—É","–ö—É—Ä–∏–Ω–æ–µ —Ñ–∏–ª–µ ‚Äì 150-200 –≥
–í–æ–¥–∞ ‚Äì 50 –º–ª (–ø–æ –Ω–µ–æ–±—Ö–æ–¥–∏–º–æ—Å—Ç–∏)
üßÇ –°–æ–ª—å ‚Äì –ø–æ –≤–∫—É—Å—É
üå∂Ô∏è –°–≤–µ–∂–µ–º–æ–ª–æ—Ç—ã–π —á–µ—Ä–Ω—ã–π –ø–µ—Ä–µ—Ü ‚Äì –ø–æ –∂–µ–ª–∞–Ω–∏—é
–õ–∞–≤—Ä–æ–≤—ã–π –ª–∏—Å—Ç ‚Äì 1 —à—Ç. (–ø–æ –∂–µ–ª–∞–Ω–∏—é)
üåø –ó–µ–ª–µ–Ω—å (—É–∫—Ä–æ–ø, –ø–µ—Ç—Ä—É—à–∫–∞) ‚Äì –¥–ª—è –ø–æ–¥–∞—á–∏","–ü—Ä–æ–º–æ–π—Ç–µ –∫—É—Ä–∏–Ω–æ–µ —Ñ–∏–ª–µ –∏ –æ–±—Å—É—à–∏—Ç–µ –µ–≥–æ.
–ù–∞—Ä–µ–∂—å—Ç–µ —Ñ–∏–ª–µ –Ω–∞ –∫—É—Å–æ—á–∫–∏ —Å—Ä–µ–¥–Ω–µ–≥–æ —Ä–∞–∑–º–µ—Ä–∞ (–º–æ–∂–Ω–æ –æ—Å—Ç–∞–≤–∏—Ç—å —Ü–µ–ª—ã–º –ø–æ –∂–µ–ª–∞–Ω–∏—é).
–õ–µ–≥–∫–æ –ø–æ—Å–æ–ª–∏—Ç–µ –∏ –ø—Ä–∏ –∂–µ–ª–∞–Ω–∏–∏ –ø–æ–ø–µ—Ä—á–∏—Ç–µ.
–í—ã–ª–æ–∂–∏—Ç–µ –∫—É—Å–æ—á–∫–∏ –∫—É—Ä–∏—Ü—ã –≤ –∫–∞—Å—Ç—Ä—é–ª—é —Å —Ç–æ–ª—Å—Ç—ã–º –¥–Ω–æ–º –∏–ª–∏ –≥–ª—É–±–æ–∫—É—é —Å–∫–æ–≤–æ—Ä–æ–¥—É —Å –∫—Ä—ã—à–∫–æ–π.
–î–æ–±–∞–≤—å—Ç–µ –Ω–µ–±–æ–ª—å—à–æ–µ –∫–æ–ª–∏—á–µ—Å—Ç–≤–æ –≤–æ–¥—ã (50 –º–ª), —á—Ç–æ–±—ã —Ñ–∏–ª–µ —Ç—É—à–∏–ª–æ—Å—å –≤ —Å–æ–±—Å—Ç–≤–µ–Ω–Ω–æ–º —Å–æ–∫—É.
–ü—Ä–∏ –∂–µ–ª–∞–Ω–∏–∏ –¥–æ–±–∞–≤—å—Ç–µ –ª–∞–≤—Ä–æ–≤—ã–π –ª–∏—Å—Ç –¥–ª—è –∞—Ä–æ–º–∞—Ç–∞.
–ù–∞–∫—Ä–æ–π—Ç–µ –∫–∞—Å—Ç—Ä—é–ª—é –∫—Ä—ã—à–∫–æ–π –∏ —Ç—É—à–∏—Ç–µ –Ω–∞ –º–µ–¥–ª–µ–Ω–Ω–æ–º –æ–≥–Ω–µ 20-25 –º–∏–Ω—É—Ç, –ø–µ—Ä–∏–æ–¥–∏—á–µ—Å–∫–∏ –ø—Ä–æ–≤–µ—Ä—è—è –∏ –ø—Ä–∏ –Ω–µ–æ–±—Ö–æ–¥–∏–º–æ—Å—Ç–∏ –¥–æ–±–∞–≤–ª—è—è –Ω–µ–º–Ω–æ–≥–æ –≤–æ–¥—ã, —á—Ç–æ–±—ã –ø—Ä–µ–¥–æ—Ç–≤—Ä–∞—Ç–∏—Ç—å –ø—Ä–∏–≥–æ—Ä–∞–Ω–∏–µ.
–¢—É—à–∏—Ç–µ –¥–æ —Ç–µ—Ö –ø–æ—Ä, –ø–æ–∫–∞ –∫—É—Ä–∏–Ω–æ–µ —Ñ–∏–ª–µ –Ω–µ —Å—Ç–∞–Ω–µ—Ç –º—è–≥–∫–∏–º –∏ –ø–æ–ª–Ω–æ—Å—Ç—å—é –ø—Ä–∏–≥–æ—Ç–æ–≤–ª–µ–Ω–Ω—ã–º (–≤–Ω—É—Ç—Ä–µ–Ω–Ω—è—è —Ç–µ–º–ø–µ—Ä–∞—Ç—É—Ä–∞ –¥–æ–ª–∂–Ω–∞ –¥–æ—Å—Ç–∏—á—å 75¬∞C).
–ó–∞ 5 –º–∏–Ω—É—Ç –¥–æ –≥–æ—Ç–æ–≤–Ω–æ—Å—Ç–∏ –º–æ–∂–Ω–æ —Å–Ω—è—Ç—å –∫—Ä—ã—à–∫—É, —á—Ç–æ–±—ã –¥–∞—Ç—å –ª–∏—à–Ω–µ–π –≤–ª–∞–≥–µ –∏—Å–ø–∞—Ä–∏—Ç—å—Å—è –∏ –∫–æ–Ω—Ü–µ–Ω—Ç—Ä–∏—Ä–æ–≤–∞—Ç—å –≤–∫—É—Å.
–ü–æ–¥–∞–≤–∞–π—Ç–µ –≥–æ—Ä—è—á–∏–º —Å –ª—é–±—ã–º –≥–∞—Ä–Ω–∏—Ä–æ–º (–æ–≤–æ—â–∞–º–∏ –∏–ª–∏ –∫—Ä—É–ø–∞–º–∏), –ø–æ—Å—ã–ø–∞–≤ –∑–µ–ª–µ–Ω—å—é.
–î–ª—è —Ä–∞–∑–Ω–æ–æ–±—Ä–∞–∑–∏—è –º–æ–∂–Ω–æ –¥–æ–±–∞–≤–∏—Ç—å –Ω–µ–º–Ω–æ–≥–æ —á–µ—Å–Ω–æ–∫–∞ –∏–ª–∏ —Ä–µ–ø—á–∞—Ç–æ–≥–æ –ª—É–∫–∞ –≤ –ø—Ä–æ—Ü–µ—Å—Å–µ —Ç—É—à–µ–Ω–∏—è, –µ—Å–ª–∏ –∏—Ö –ø–µ—Ä–µ–Ω–æ—Å–∏–º–æ—Å—Ç—å —Ö–æ—Ä–æ—à–∞—è.",–≤—Ç–æ—Ä–æ–µ –±–ª—é–¥–æ,–∫—É—Ä–∏—Ü–∞,–≤—Ç–æ—Ä–æ–µ –±–ª—é–¥–æ
19,–ö—É—Ä–∏–Ω–æ–µ —Ñ–∏–ª–µ –≤ –º–æ–ª–æ–∫–µ —Å –ª–∞–≤—Ä–æ–≤—ã–º –ª–∏—Å—Ç–æ–º,"–ö—É—Ä–∏–Ω–æ–µ —Ñ–∏–ª–µ ‚Äì 150 –≥
ü•õ –ú–æ–ª–æ–∫–æ (–Ω–∏–∑–∫–æ–π –∂–∏—Ä–Ω–æ—Å—Ç–∏) ‚Äì 150 –º–ª
–õ–∞–≤—Ä–æ–≤—ã–π –ª–∏—Å—Ç ‚Äì 1 —à—Ç.
üßÇ –°–æ–ª—å ‚Äì –ø–æ –≤–∫—É—Å—É","–ü—Ä–æ–º–æ–π—Ç–µ –∫—É—Ä–∏–Ω–æ–µ —Ñ–∏–ª–µ –∏ –ø—Ä–∏ –Ω–µ–æ–±—Ö–æ–¥–∏–º–æ—Å—Ç–∏ —É–¥–∞–ª–∏—Ç–µ –ª–∏—à–Ω–∏–µ —á–∞—Å—Ç–∏—Ü—ã –∂–∏—Ä–∞.
–ü—Ä–∏ –∂–µ–ª–∞–Ω–∏–∏ –º–æ–∂–Ω–æ —Å–ª–µ–≥–∫–∞ –æ—Ç–±–∏—Ç—å —Ñ–∏–ª–µ –¥–ª—è –±–æ–ª–µ–µ —Ä–∞–≤–Ω–æ–º–µ—Ä–Ω–æ–≥–æ –ø—Ä–∏–≥–æ—Ç–æ–≤–ª–µ–Ω–∏—è.
–í –Ω–µ–±–æ–ª—å—à–æ–π —Å–æ—Ç–µ–π–Ω–∏–∫ –∏–ª–∏ –∫–∞—Å—Ç—Ä—é–ª—é –Ω–∞–ª–µ–π—Ç–µ –º–æ–ª–æ–∫–æ –∏ –¥–æ–±–∞–≤—å—Ç–µ –ª–∞–≤—Ä–æ–≤—ã–π –ª–∏—Å—Ç.
–í—ã–ª–æ–∂–∏—Ç–µ –∫—É—Ä–∏–Ω–æ–µ —Ñ–∏–ª–µ –≤ –º–æ–ª–æ–∫–æ, –¥–æ–≤–µ–¥–∏—Ç–µ –¥–æ –∫–∏–ø–µ–Ω–∏—è –Ω–∞ —Å—Ä–µ–¥–Ω–µ–º –æ–≥–Ω–µ.
–£–º–µ–Ω—å—à–∏—Ç–µ –æ–≥–æ–Ω—å –¥–æ –º–∏–Ω–∏–º—É–º–∞ –∏ —Ç—É—à–∏—Ç–µ –∫—É—Ä–∏—Ü—É –≤ –º–æ–ª–æ–∫–µ –ø–æ–¥ –∫—Ä—ã—à–∫–æ–π 20‚Äì25 –º–∏–Ω—É—Ç, –¥–æ –ø–æ–ª–Ω–æ–π –≥–æ—Ç–æ–≤–Ω–æ—Å—Ç–∏ –º—è—Å–∞.
–í —Å–µ—Ä–µ–¥–∏–Ω–µ –ø—Ä–∏–≥–æ—Ç–æ–≤–ª–µ–Ω–∏—è –¥–æ–±–∞–≤—å—Ç–µ —Å–æ–ª—å –ø–æ –≤–∫—É—Å—É.
–î–æ—Å—Ç–∞–Ω—å—Ç–µ —Ñ–∏–ª–µ –∏–∑ –º–æ–ª–æ–∫–∞, —É–¥–∞–ª–∏—Ç–µ –ª–∞–≤—Ä–æ–≤—ã–π –ª–∏—Å—Ç.
–ü–æ–¥–∞–≤–∞–π—Ç–µ –∫—É—Ä–∏–Ω–æ–µ —Ñ–∏–ª–µ —Å –ª–µ–≥–∫–∏–º –æ–≤–æ—â–Ω—ã–º –≥–∞—Ä–Ω–∏—Ä–æ–º –∏–ª–∏ —Å–≤–µ–∂–∏–º–∏ —Ç—Ä–∞–≤–∞–º–∏.",–≤—Ç–æ—Ä–æ–µ –±–ª—é–¥–æ,–∫—É—Ä–∏—Ü–∞,–≤—Ç–æ—Ä–æ–µ –±–ª—é–¥–æ
20,–ö—É—Ä–∏–Ω—ã–µ —Ä—É–ª–µ—Ç—ã —Å –∑–µ–ª–µ–Ω—å—é,"–ö—É—Ä–∏–Ω–æ–µ —Ñ–∏–ª–µ ‚Äì 150 –≥
üåø –ó–µ–ª–µ–Ω—å (—É–∫—Ä–æ–ø, –ø–µ—Ç—Ä—É—à–∫–∞, —à–ø–∏–Ω–∞—Ç) ‚Äì 1-2 —Å—Ç. –ª.
üßÇ –°–æ–ª—å ‚Äì –ø–æ –≤–∫—É—Å—É
üå∂Ô∏è –ü–µ—Ä–µ—Ü ‚Äì –ø–æ –∂–µ–ª–∞–Ω–∏—é
üßÑ –ß–µ—Å–Ω–æ–∫ ‚Äì 1 –∑—É–±—á–∏–∫ (–ø–æ –∂–µ–ª–∞–Ω–∏—é)
–õ–∏–º–æ–Ω–Ω—ã–π —Å–æ–∫ ‚Äì 1 —á. –ª. (–ø–æ –∂–µ–ª–∞–Ω–∏—é)
–ù–∏—Ç—å –¥–ª—è –∑–∞–≤—è–∑—ã–≤–∞–Ω–∏—è —Ä—É–ª–µ—Ç–æ–≤","–ü—Ä–æ–º–æ–π—Ç–µ –∏ –æ–±—Å—É—à–∏—Ç–µ –∫—É—Ä–∏–Ω–æ–µ —Ñ–∏–ª–µ.
–†–∞–∑—Ä–µ–∂—å—Ç–µ —Ñ–∏–ª–µ –≤–¥–æ–ª—å –Ω–∞ –ø–ª–∞—Å—Ç—ã, —Ç–æ–ª—â–∏–Ω–æ–π –æ–∫–æ–ª–æ 1 —Å–º. –ï—Å–ª–∏ –∫—É—Å–∫–∏ —Ç–æ–ª—Å—Ç—ã–µ, –º–æ–∂–Ω–æ —Å–ª–µ–≥–∫–∞ –æ—Ç–±–∏—Ç—å –∏—Ö, –Ω–∞–∫—Ä—ã–≤ –ø–ª–µ–Ω–∫–æ–π, —á—Ç–æ–±—ã –Ω–µ –ø–æ–≤—Ä–µ–¥–∏—Ç—å –º—è—Å–æ.
–õ–µ–≥–∫–æ –ø–æ—Å–æ–ª–∏—Ç–µ –∏ –ø–æ–ø–µ—Ä—á–∏—Ç–µ –ø–æ –≤–∫—É—Å—É.
–ò–∑–º–µ–ª—å—á–∏—Ç–µ –∑–µ–ª–µ–Ω—å (—É–∫—Ä–æ–ø, –ø–µ—Ç—Ä—É—à–∫—É, —à–ø–∏–Ω–∞—Ç).
–ü—Ä–∏ –∂–µ–ª–∞–Ω–∏–∏ –¥–æ–±–∞–≤—å—Ç–µ –º–µ–ª–∫–æ –Ω–∞—Ä–µ–∑–∞–Ω–Ω—ã–π —á–µ—Å–Ω–æ–∫ –∏ —Å–±—Ä—ã–∑–Ω–∏—Ç–µ –ª–∏–º–æ–Ω–Ω—ã–º —Å–æ–∫–æ–º –¥–ª—è —Å–≤–µ–∂–µ—Å—Ç–∏.
–í—ã–ª–æ–∂–∏—Ç–µ –∑–µ–ª–µ–Ω—å –Ω–∞ –∫–∞–∂–¥—ã–π –∫—É—Å–æ–∫ —Ñ–∏–ª–µ.
–ê–∫–∫—É—Ä–∞—Ç–Ω–æ —Å–≤–µ—Ä–Ω–∏—Ç–µ —Ñ–∏–ª–µ –≤ —Ä—É–ª–µ—Ç—ã, –Ω–∞—á–∏–Ω–∞—è —Å —É–∑–∫–æ–≥–æ –∫–æ–Ω—Ü–∞.
–ó–∞–∫—Ä–µ–ø–∏—Ç–µ –∫–∞–∂–¥—ã–π —Ä—É–ª–µ—Ç –Ω–∏—Ç–∫–æ–π, —á—Ç–æ–±—ã –æ–Ω–∏ –Ω–µ —Ä–∞–∑–≤–µ—Ä–Ω—É–ª–∏—Å—å –≤–æ –≤—Ä–µ–º—è –ø—Ä–∏–≥–æ—Ç–æ–≤–ª–µ–Ω–∏—è.
–í—ã–ª–æ–∂–∏—Ç–µ –∫—É—Ä–∏–Ω—ã–µ —Ä—É–ª–µ—Ç—ã –Ω–∞ —Å–∫–æ–≤–æ—Ä–æ–¥—É —Å —Ç–æ–ª—Å—Ç—ã–º –¥–Ω–æ–º –∏–ª–∏ –ø–æ–º–µ—Å—Ç–∏—Ç–µ –∏—Ö –≤ –ø–∞—Ä–æ–≤–∞—Ä–∫—É.
–ì–æ—Ç–æ–≤—å—Ç–µ –Ω–∞ –ø–∞—Ä—É 20-25 –º–∏–Ω—É—Ç, –ª–∏–±–æ —Ç—É—à–∏—Ç–µ –≤ –Ω–µ–±–æ–ª—å—à–æ–º –∫–æ–ª–∏—á–µ—Å—Ç–≤–µ –≤–æ–¥—ã –Ω–∞ —Å–ª–∞–±–æ–º –æ–≥–Ω–µ –ø–æ–¥ –∫—Ä—ã—à–∫–æ–π –¥–æ –≥–æ—Ç–æ–≤–Ω–æ—Å—Ç–∏.
–£–¥–∞–ª–∏—Ç–µ –Ω–∏—Ç–∫–∏ –ø–µ—Ä–µ–¥ –ø–æ–¥–∞—á–µ–π.
–ü–æ–¥–∞–≤–∞–π—Ç–µ –≥–æ—Ä—è—á–∏–º–∏ —Å –æ–≤–æ—â–Ω—ã–º –≥–∞—Ä–Ω–∏—Ä–æ–º –∏–ª–∏ –ª–µ–≥–∫–∏–º–∏ –∫—Ä—É–ø–∞–º–∏.
–î–ª—è –¥–æ–ø–æ–ª–Ω–∏—Ç–µ–ª—å–Ω–æ–≥–æ –≤–∫—É—Å–∞ –º–æ–∂–Ω–æ –¥–æ–±–∞–≤–∏—Ç—å –ª–∏–º–æ–Ω–Ω—É—é —Ü–µ–¥—Ä—É –≤ –Ω–∞—á–∏–Ω–∫—É –∏–ª–∏ –∏—Å–ø–æ–ª—å–∑–æ–≤–∞—Ç—å –¥—Ä—É–≥–∏–µ —Å–≤–µ–∂–∏–µ —Ç—Ä–∞–≤—ã, —Ç–∞–∫–∏–µ –∫–∞–∫ –±–∞–∑–∏–ª–∏–∫.",–≤—Ç–æ—Ä–æ–µ –±–ª—é–¥–æ,–∫—É—Ä–∏—Ü–∞,–≤—Ç–æ—Ä–æ–µ –±–ª—é–¥–æ
21,–ö—É—Ä–∏—Ü–∞ –≤ –π–æ–≥—É—Ä—Ç–æ–≤–æ–º –º–∞—Ä–∏–Ω–∞–¥–µ,"–ö—É—Ä–∏–Ω–æ–µ —Ñ–∏–ª–µ ‚Äì 150 –≥
üç∂ –ù–∞—Ç—É—Ä–∞–ª—å–Ω—ã–π –π–æ–≥—É—Ä—Ç (–±–µ–∑ –¥–æ–±–∞–≤–æ–∫) ‚Äì 2-3 —Å—Ç. –ª.
üßÑ –ß–µ—Å–Ω–æ–∫ ‚Äì 1 –∑—É–±—á–∏–∫ (–ø–æ –∂–µ–ª–∞–Ω–∏—é)
üåø –ó–µ–ª–µ–Ω—å (—É–∫—Ä–æ–ø, –ø–µ—Ç—Ä—É—à–∫–∞) ‚Äì 1 —Å—Ç. –ª.
–õ–∏–º–æ–Ω–Ω—ã–π —Å–æ–∫ ‚Äì 1 —á. –ª.
üßÇ –°–æ–ª—å ‚Äì –ø–æ –≤–∫—É—Å—É
–°–ø–µ—Ü–∏–∏ (–ø–∞–ø—Ä–∏–∫–∞, –∫—É—Ä–∫—É–º–∞) ‚Äì –ø–æ –∂–µ–ª–∞–Ω–∏—é","–í –º–∏—Å–∫–µ —Å–º–µ—à–∞–π—Ç–µ –π–æ–≥—É—Ä—Ç, –º–µ–ª–∫–æ –Ω–∞—Ä–µ–∑–∞–Ω–Ω—ã–π —á–µ—Å–Ω–æ–∫, –∏–∑–º–µ–ª—å—á–µ–Ω–Ω—É—é –∑–µ–ª–µ–Ω—å, –ª–∏–º–æ–Ω–Ω—ã–π —Å–æ–∫, —Å–æ–ª—å –∏ —Å–ø–µ—Ü–∏–∏ (–ø–æ –∂–µ–ª–∞–Ω–∏—é).
–ü—Ä–æ–º–æ–π—Ç–µ –∫—É—Ä–∏–Ω–æ–µ —Ñ–∏–ª–µ, –æ–±—Å—É—à–∏—Ç–µ –µ–≥–æ –∏ –ø–æ–º–µ—Å—Ç–∏—Ç–µ –≤ –º–∞—Ä–∏–Ω–∞–¥.
–¢—â–∞—Ç–µ–ª—å–Ω–æ –æ–±–º–∞–∂—å—Ç–µ —Ñ–∏–ª–µ –π–æ–≥—É—Ä—Ç–æ–≤—ã–º –º–∞—Ä–∏–Ω–∞–¥–æ–º, —á—Ç–æ–±—ã –æ–Ω–æ –ø–æ–ª–Ω–æ—Å—Ç—å—é –±—ã–ª–æ –ø–æ–∫—Ä—ã—Ç–æ.
–û—Å—Ç–∞–≤—å—Ç–µ –º–∞—Ä–∏–Ω–æ–≤–∞—Ç—å—Å—è –Ω–∞ 1-2 —á–∞—Å–∞ –≤ —Ö–æ–ª–æ–¥–∏–ª—å–Ω–∏–∫–µ (–º–æ–∂–Ω–æ –¥–æ–ª—å—à–µ, –¥–æ 4 —á–∞—Å–æ–≤ –¥–ª—è –Ω–∞—Å—ã—â–µ–Ω–Ω–æ–≥–æ –≤–∫—É—Å–∞).
–†–∞–∑–æ–≥—Ä–µ–π—Ç–µ –¥—É—Ö–æ–≤–∫—É –¥–æ 180¬∞C.
–í—ã–ª–æ–∂–∏—Ç–µ –º–∞—Ä–∏–Ω–æ–≤–∞–Ω–Ω–æ–µ –∫—É—Ä–∏–Ω–æ–µ —Ñ–∏–ª–µ –≤ —Ñ–æ—Ä–º—É –¥–ª—è –∑–∞–ø–µ–∫–∞–Ω–∏—è –∏–ª–∏ –Ω–∞ –ø—Ä–æ—Ç–∏–≤–µ–Ω—å, –∑–∞—Å—Ç–µ–ª–µ–Ω–Ω—ã–π –ø–µ—Ä–≥–∞–º–µ–Ω—Ç–æ–º.
–ó–∞–ø–µ–∫–∞–π—Ç–µ 20-25 –º–∏–Ω—É—Ç –¥–æ –ø–æ–ª–Ω–æ–π –≥–æ—Ç–æ–≤–Ω–æ—Å—Ç–∏, –ø–æ–∫–∞ –∫—É—Ä–∏—Ü–∞ –Ω–µ —Å—Ç–∞–Ω–µ—Ç –º—è–≥–∫–æ–π –∏ —Å–æ—á–Ω–æ–π.
–ü–æ–¥–∞–≤–∞–π—Ç–µ –≥–æ—Ä—è—á–µ–π —Å –ª–µ–≥–∫–∏–º –æ–≤–æ—â–Ω—ã–º –≥–∞—Ä–Ω–∏—Ä–æ–º –∏–ª–∏ —Å–∞–ª–∞—Ç–æ–º.
–ô–æ–≥—É—Ä—Ç–æ–≤—ã–π –º–∞—Ä–∏–Ω–∞–¥ –¥–µ–ª–∞–µ—Ç –∫—É—Ä–∏—Ü—É –º—è–≥–∫–æ–π –∏ –Ω–µ–∂–Ω–æ–π, –¥–æ–±–∞–≤–ª—è—è –ª–µ–≥–∫—É—é –∫–∏—Å–ª–∏–Ω–∫—É –∏ —Å–æ—Ö—Ä–∞–Ω—è–µ—Ç —Å–æ—á–Ω–æ—Å—Ç—å –±–ª—é–¥–∞.",–≤—Ç–æ—Ä–æ–µ –±–ª—é–¥–æ,–∫—É—Ä–∏—Ü–∞,–≤—Ç–æ—Ä–æ–µ –±–ª—é–¥–æ
22,–ö—É—Ä–∏—Ü–∞ —Å –ª–∏–º–æ–Ω–æ–º,"–ö—É—Ä–∏–Ω–æ–µ —Ñ–∏–ª–µ ‚Äì 150 –≥
üçã –õ–∏–º–æ–Ω ‚Äì ¬Ω —à—Ç.
üßÑ –ß–µ—Å–Ω–æ–∫ ‚Äì 1 –∑—É–±—á–∏–∫ (–ø–æ –∂–µ–ª–∞–Ω–∏—é)
üßà –û–ª–∏–≤–∫–æ–≤–æ–µ –º–∞—Å–ª–æ ‚Äì 1 —á. –ª.
üåø –ó–µ–ª–µ–Ω—å (–ø–µ—Ç—Ä—É—à–∫–∞ –∏–ª–∏ —É–∫—Ä–æ–ø) ‚Äì 1 —Å—Ç. –ª.
üßÇ –°–æ–ª—å ‚Äì –ø–æ –≤–∫—É—Å—É
üå∂Ô∏è –ü–µ—Ä–µ—Ü ‚Äì –ø–æ –≤–∫—É—Å—É (–ø–æ –∂–µ–ª–∞–Ω–∏—é)","–í—ã–∂–º–∏—Ç–µ —Å–æ–∫ –∏–∑ –ø–æ–ª–æ–≤–∏–Ω—ã –ª–∏–º–æ–Ω–∞.
–í –º–∏—Å–∫–µ —Å–º–µ—à–∞–π—Ç–µ –ª–∏–º–æ–Ω–Ω—ã–π —Å–æ–∫, –æ–ª–∏–≤–∫–æ–≤–æ–µ –º–∞—Å–ª–æ, –º–µ–ª–∫–æ –Ω–∞—Ä–µ–∑–∞–Ω–Ω—ã–π —á–µ—Å–Ω–æ–∫ (–ø–æ –∂–µ–ª–∞–Ω–∏—é), —Å–æ–ª—å, –ø–µ—Ä–µ—Ü –∏ –º–µ–ª–∫–æ –Ω–∞—Ä–µ–∑–∞–Ω–Ω—É—é –∑–µ–ª–µ–Ω—å.
–ü—Ä–æ–º–æ–π—Ç–µ –∫—É—Ä–∏–Ω–æ–µ —Ñ–∏–ª–µ, –æ–±—Å—É—à–∏—Ç–µ –µ–≥–æ –±—É–º–∞–∂–Ω—ã–º–∏ –ø–æ–ª–æ—Ç–µ–Ω—Ü–∞–º–∏.
–í—ã–ª–æ–∂–∏—Ç–µ —Ñ–∏–ª–µ –≤ –º–∞—Ä–∏–Ω–∞–¥ –∏ —Ö–æ—Ä–æ—à–æ –æ–±–º–∞–∂—å—Ç–µ –µ–≥–æ —Å–æ –≤—Å–µ—Ö —Å—Ç–æ—Ä–æ–Ω.
–û—Å—Ç–∞–≤—å—Ç–µ –∫—É—Ä–∏—Ü—É –º–∞—Ä–∏–Ω–æ–≤–∞—Ç—å—Å—è –Ω–∞ 30 –º–∏–Ω—É—Ç (–º–æ–∂–Ω–æ –Ω–∞ 1 —á–∞—Å –¥–ª—è –±–æ–ª–µ–µ –Ω–∞—Å—ã—â–µ–Ω–Ω–æ–≥–æ –≤–∫—É—Å–∞).
–†–∞–∑–æ–≥—Ä–µ–π—Ç–µ –¥—É—Ö–æ–≤–∫—É –¥–æ 180¬∞C.
–í—ã–ª–æ–∂–∏—Ç–µ –∫—É—Ä–∏–Ω–æ–µ —Ñ–∏–ª–µ –Ω–∞ –ø—Ä–æ—Ç–∏–≤–µ–Ω—å –∏–ª–∏ –≤ —Ñ–æ—Ä–º—É –¥–ª—è –∑–∞–ø–µ–∫–∞–Ω–∏—è.
–ó–∞–ø–µ–∫–∞–π—Ç–µ 20-25 –º–∏–Ω—É—Ç, –ø–µ—Ä–∏–æ–¥–∏—á–µ—Å–∫–∏ –ø–æ–ª–∏–≤–∞—è —Ñ–∏–ª–µ –≤—ã–¥–µ–ª—è—é—â–∏–º—Å—è —Å–æ–∫–æ–º.
–ö–æ–≥–¥–∞ –∫—É—Ä–∏—Ü–∞ —Å—Ç–∞–Ω–µ—Ç –º—è–≥–∫–æ–π –∏ —Å–ª–µ–≥–∫–∞ –∑–æ–ª–æ—Ç–∏—Å—Ç–æ–π, –æ–Ω–∞ –≥–æ—Ç–æ–≤–∞.
–ü–æ–¥–∞–≤–∞–π—Ç–µ –∫—É—Ä–∏—Ü—É –≥–æ—Ä—è—á–µ–π, —É–∫—Ä–∞—Å–∏–≤ –ª–æ–º—Ç–∏–∫–∞–º–∏ –ª–∏–º–æ–Ω–∞ –∏ —Å–≤–µ–∂–µ–π –∑–µ–ª–µ–Ω—å—é.
–õ–∏–º–æ–Ω –ø—Ä–∏–¥–∞–µ—Ç –∫—É—Ä–∏—Ü–µ –ª–µ–≥–∫—É—é –∫–∏—Å–ª–∏–Ω–∫—É –∏ –æ—Å–≤–µ–∂–∞—é—â–∏–π –∞—Ä–æ–º–∞—Ç, –ø—Ä–∏ —ç—Ç–æ–º —Å–æ—Ö—Ä–∞–Ω—è—è –µ–µ —Å–æ—á–Ω–æ–π –∏ –Ω–µ–∂–Ω–æ–π.",–≤—Ç–æ—Ä–æ–µ –±–ª—é–¥–æ,–∫—É—Ä–∏—Ü–∞,–≤—Ç–æ—Ä–æ–µ –±–ª—é–¥–æ
23,–ö—É—Ä–∏–Ω—ã–µ –∫–æ—Ç–ª–µ—Ç—ã –Ω–∞ –ø–∞—Ä—É,"–ö—É—Ä–∏–Ω–æ–µ —Ñ–∏–ª–µ ‚Äì 150 –≥
üßÖ –õ—É–∫ ‚Äì ¬º —à—Ç.
ü•ö –Ø–π—Ü–æ ‚Äì ¬Ω —à—Ç. (–∏–ª–∏ 1 –±–µ–ª–æ–∫)
üåæ –û–≤—Å—è–Ω—ã–µ —Ö–ª–æ–ø—å—è ‚Äì 1 —Å—Ç. –ª. (–∏–ª–∏ –æ–≤—Å—è–Ω–∞—è –º—É–∫–∞)
üßÇ –°–æ–ª—å ‚Äì –ø–æ –≤–∫—É—Å—É
üåø –ó–µ–ª–µ–Ω—å (—É–∫—Ä–æ–ø, –ø–µ—Ç—Ä—É—à–∫–∞) ‚Äì –ø–æ –∂–µ–ª–∞–Ω–∏—é
–í–æ–¥–∞ ‚Äì 1-2 —Å—Ç. –ª.","–ü—Ä–æ–º–æ–π—Ç–µ –∫—É—Ä–∏–Ω–æ–µ —Ñ–∏–ª–µ, –æ–±—Å—É—à–∏—Ç–µ –µ–≥–æ –∏ –∏–∑–º–µ–ª—å—á–∏—Ç–µ –≤ –±–ª–µ–Ω–¥–µ—Ä–µ –∏–ª–∏ –º—è—Å–æ—Ä—É–±–∫–µ.
–õ—É–∫ –º–µ–ª–∫–æ –Ω–∞—Ä–µ–∂—å—Ç–µ –∏–ª–∏ –∏–∑–º–µ–ª—å—á–∏—Ç–µ –≤–º–µ—Å—Ç–µ —Å –∫—É—Ä–∏–Ω—ã–º —Ñ–∏–ª–µ.
–í –∫—É—Ä–∏–Ω—ã–π —Ñ–∞—Ä—à –¥–æ–±–∞–≤—å—Ç–µ —è–π—Ü–æ (–∏–ª–∏ —Ç–æ–ª—å–∫–æ –±–µ–ª–æ–∫), –æ–≤—Å—è–Ω—ã–µ —Ö–ª–æ–ø—å—è, –Ω–µ–º–Ω–æ–≥–æ —Å–æ–ª–∏ –∏ –∑–µ–ª–µ–Ω—å –ø–æ –≤–∫—É—Å—É. –ï—Å–ª–∏ —Ñ–∞—Ä—à –ø–æ–ª—É—á–∞–µ—Ç—Å—è —Å—É—Ö–æ–≤–∞—Ç—ã–º, –¥–æ–±–∞–≤—å—Ç–µ 1-2 —Å—Ç. –ª. –≤–æ–¥—ã.
–°—Ñ–æ—Ä–º–∏—Ä—É–π—Ç–µ –Ω–µ–±–æ–ª—å—à–∏–µ –∫–æ—Ç–ª–µ—Ç—ã –∏–∑ –ø–æ–ª—É—á–µ–Ω–Ω–æ–≥–æ —Ñ–∞—Ä—à–∞. –ß—Ç–æ–±—ã –ª–µ–≥—á–µ –±—ã–ª–æ –ª–µ–ø–∏—Ç—å, —Å–º–æ—á–∏—Ç–µ —Ä—É–∫–∏ –≤–æ–¥–æ–π.
–ü–æ–º–µ—Å—Ç–∏—Ç–µ –∫–æ—Ç–ª–µ—Ç—ã –≤ –ø–∞—Ä–æ–≤–∞—Ä–∫—É –∏–ª–∏ –º—É–ª—å—Ç–∏–≤–∞—Ä–∫—É.
–ì–æ—Ç–æ–≤—å—Ç–µ –∫–æ—Ç–ª–µ—Ç—ã –Ω–∞ –ø–∞—Ä—É –≤ —Ç–µ—á–µ–Ω–∏–µ 20-25 –º–∏–Ω—É—Ç –¥–æ –ø–æ–ª–Ω–æ–π –≥–æ—Ç–æ–≤–Ω–æ—Å—Ç–∏.
–ü–æ–¥–∞–≤–∞–π—Ç–µ –∫–æ—Ç–ª–µ—Ç—ã –≥–æ—Ä—è—á–∏–º–∏ —Å –æ–≤–æ—â–Ω—ã–º –≥–∞—Ä–Ω–∏—Ä–æ–º –∏–ª–∏ –∫–∞—à–µ–π.
–û–≤—Å—è–Ω—ã–µ —Ö–ª–æ–ø—å—è –∏–ª–∏ –æ–≤—Å—è–Ω–∞—è –º—É–∫–∞ –≤ —Ñ–∞—Ä—à–µ –¥–µ–ª–∞—é—Ç –∫–æ—Ç–ª–µ—Ç—ã –±–æ–ª–µ–µ –Ω–µ–∂–Ω—ã–º–∏ –∏ –ª–µ–≥–∫–æ —É—Å–≤–∞–∏–≤–∞–µ–º—ã–º–∏.",–≤—Ç–æ—Ä–æ–µ –±–ª—é–¥–æ,–∫—É—Ä–∏—Ü–∞,–≤—Ç–æ—Ä–æ–µ –±–ª—é–¥–æ
24,–ö—É—Ä–∏–Ω—ã–µ –∫–æ—Ç–ª–µ—Ç—ã —Å —Ç—ã–∫–≤–µ–Ω–Ω—ã–º–∏ —Å–µ–º–µ—á–∫–∞–º–∏,"–ö—É—Ä–∏–Ω–æ–µ —Ñ–∏–ª–µ ‚Äì 150 –≥
üåª –¢—ã–∫–≤–µ–Ω–Ω—ã–µ —Å–µ–º–µ—á–∫–∏ (–æ—á–∏—â–µ–Ω–Ω—ã–µ) ‚Äì 1 —Å—Ç. –ª–æ–∂–∫–∞
ü•ö –Ø–π—Ü–æ ‚Äì 1 —à—Ç.
üåæ –û–≤—Å—è–Ω—ã–µ –æ—Ç—Ä—É–±–∏ (–∏–ª–∏ –º—É–∫–∞) ‚Äì 1 —Å—Ç. –ª–æ–∂–∫–∞ (–ø–æ –∂–µ–ª–∞–Ω–∏—é, –¥–ª—è –±–æ–ª—å—à–µ–π —Å–≤—è–∑–Ω–æ—Å—Ç–∏)
üßÇ –°–æ–ª—å ‚Äì –ø–æ –≤–∫—É—Å—É","–ü—Ä–æ–º–æ–π—Ç–µ –∫—É—Ä–∏–Ω–æ–µ —Ñ–∏–ª–µ –∏ –∏–∑–º–µ–ª—å—á–∏—Ç–µ –µ–≥–æ –≤ –±–ª–µ–Ω–¥–µ—Ä–µ –∏–ª–∏ –ø—Ä–æ–∫—Ä—É—Ç–∏—Ç–µ —á–µ—Ä–µ–∑ –º—è—Å–æ—Ä—É–±–∫—É, —á—Ç–æ–±—ã –ø–æ–ª—É—á–∏–ª–æ—Å—å —Ñ–∞—Ä—à.
–¢—ã–∫–≤–µ–Ω–Ω—ã–µ —Å–µ–º–µ—á–∫–∏ –º–æ–∂–Ω–æ —Å–ª–µ–≥–∫–∞ –∏–∑–º–µ–ª—å—á–∏—Ç—å –Ω–æ–∂–æ–º, –æ—Å—Ç–∞–≤–∏–≤ –Ω–µ–∫–æ—Ç–æ—Ä—ã–µ –∫—É—Å–æ—á–∫–∏ –¥–ª—è —Ç–µ–∫—Å—Ç—É—Ä—ã.
–í –º–∏—Å–∫–µ —Å–º–µ—à–∞–π—Ç–µ –∫—É—Ä–∏–Ω—ã–π —Ñ–∞—Ä—à, —Ç—ã–∫–≤–µ–Ω–Ω—ã–µ —Å–µ–º–µ—á–∫–∏ –∏ —è–π—Ü–æ. –ü—Ä–∏ –Ω–µ–æ–±—Ö–æ–¥–∏–º–æ—Å—Ç–∏ –¥–æ–±–∞–≤—å—Ç–µ –æ–≤—Å—è–Ω—ã–µ –æ—Ç—Ä—É–±–∏ –∏–ª–∏ –Ω–µ–±–æ–ª—å—à–æ–µ –∫–æ–ª–∏—á–µ—Å—Ç–≤–æ –º—É–∫–∏ –¥–ª—è —Å–≤—è–∑–Ω–æ—Å—Ç–∏.
–ü–æ—Å–æ–ª–∏—Ç–µ —Å–º–µ—Å—å –ø–æ –≤–∫—É—Å—É –∏ —Ç—â–∞—Ç–µ–ª—å–Ω–æ –ø–µ—Ä–µ–º–µ—à–∞–π—Ç–µ.
–°—Ñ–æ—Ä–º–∏—Ä—É–π—Ç–µ –∏–∑ —Ñ–∞—Ä—à–∞ –∫–æ—Ç–ª–µ—Ç—ã —Å—Ä–µ–¥–Ω–µ–π —Ç–æ–ª—â–∏–Ω—ã. –ß—Ç–æ–±—ã –º–∞—Å—Å–∞ –Ω–µ –ø—Ä–∏–ª–∏–ø–∞–ª–∞ –∫ —Ä—É–∫–∞–º, –º–æ–∂–Ω–æ —Å–ª–µ–≥–∫–∞ —Å–º–æ—á–∏—Ç—å –∏—Ö –≤–æ–¥–æ–π.
–ü—Ä–∏–≥–æ—Ç–æ–≤—å—Ç–µ –∫–æ—Ç–ª–µ—Ç—ã –Ω–∞ –ø–∞—Ä—É –≤ –ø–∞—Ä–æ–≤–∞—Ä–∫–µ –∏–ª–∏ –º—É–ª—å—Ç–∏–≤–∞—Ä–∫–µ –ø—Ä–∏–º–µ—Ä–Ω–æ 15‚Äì20 –º–∏–Ω—É—Ç, –¥–æ –ø–æ–ª–Ω–æ–π –≥–æ—Ç–æ–≤–Ω–æ—Å—Ç–∏.
–¢–∞–∫–∂–µ –º–æ–∂–Ω–æ –∑–∞–ø–µ—á—å –∫–æ—Ç–ª–µ—Ç—ã –≤ –¥—É—Ö–æ–≤–∫–µ –ø—Ä–∏ —Ç–µ–º–ø–µ—Ä–∞—Ç—É—Ä–µ 180¬∞C –≤ —Ç–µ—á–µ–Ω–∏–µ 20‚Äì25 –º–∏–Ω—É—Ç.
–ü–æ–¥–∞–≤–∞–π—Ç–µ –∫–æ—Ç–ª–µ—Ç—ã —Å –ª–µ–≥–∫–∏–º –æ–≤–æ—â–Ω—ã–º –≥–∞—Ä–Ω–∏—Ä–æ–º, —Ç–∞–∫–∏–º –∫–∞–∫ –±—Ä–æ–∫–∫–æ–ª–∏ –∏–ª–∏ —Ü–≤–µ—Ç–Ω–∞—è –∫–∞–ø—É—Å—Ç–∞, –ª–∏–±–æ —Å —Å–∞–ª–∞—Ç–æ–º –∏–∑ —Å–≤–µ–∂–∏—Ö –æ–≤–æ—â–µ–π.",–≤—Ç–æ—Ä–æ–µ –±–ª—é–¥–æ,–∫—É—Ä–∏—Ü–∞,–≤—Ç–æ—Ä–æ–µ –±–ª—é–¥–æ
25,"–ö—É—Ä–∏–Ω—ã–µ –∫–æ—Ç–ª–µ—Ç—ã —Å –±—Ä–æ–∫–∫–æ–ª–∏, –ø—Ä–∏–≥–æ—Ç–æ–≤–ª–µ–Ω–Ω—ã–µ –Ω–∞ –ø–∞—Ä—É","–ö—É—Ä–∏–Ω–æ–µ —Ñ–∏–ª–µ ‚Äì 150 –≥
ü•¶ –ë—Ä–æ–∫–∫–æ–ª–∏ ‚Äì 50 –≥
ü•ö –Ø–π—Ü–æ ‚Äì 1/2 —à—Ç. (–º–æ–∂–Ω–æ –∏—Å–ø–æ–ª—å–∑–æ–≤–∞—Ç—å —Ç–æ–ª—å–∫–æ –±–µ–ª–æ–∫)
üåø –£–∫—Ä–æ–ø –∏–ª–∏ –ø–µ—Ç—Ä—É—à–∫–∞ ‚Äì –ø–æ –≤–∫—É—Å—É
üßÇ –°–æ–ª—å ‚Äì –ø–æ –≤–∫—É—Å—É","–ò–∑–º–µ–ª—å—á–∏—Ç–µ –∫—É—Ä–∏–Ω–æ–µ —Ñ–∏–ª–µ –≤ –±–ª–µ–Ω–¥–µ—Ä–µ –∏–ª–∏ –ø—Ä–æ–ø—É—Å—Ç–∏—Ç–µ —á–µ—Ä–µ–∑ –º—è—Å–æ—Ä—É–±–∫—É.
–ë—Ä–æ–∫–∫–æ–ª–∏ –æ—Ç–≤–∞—Ä–∏—Ç–µ –≤ –∫–∏–ø—è—â–µ–π –≤–æ–¥–µ –≤ —Ç–µ—á–µ–Ω–∏–µ 2‚Äì3 –º–∏–Ω—É—Ç, –∑–∞—Ç–µ–º –∏–∑–º–µ–ª—å—á–∏—Ç–µ –Ω–∞ –º–∞–ª–µ–Ω—å–∫–∏–µ –∫—É—Å–æ—á–∫–∏.
–í –º–∏—Å–∫–µ —Å–æ–µ–¥–∏–Ω–∏—Ç–µ –∫—É—Ä–∏–Ω—ã–π —Ñ–∞—Ä—à, –±—Ä–æ–∫–∫–æ–ª–∏, –ø–æ–ª–æ–≤–∏–Ω—É —è–π—Ü–∞ (–∏–ª–∏ —Ç–æ–ª—å–∫–æ –±–µ–ª–æ–∫ –¥–ª—è –±–æ–ª–µ–µ –ª–µ–≥–∫–æ–≥–æ –±–ª—é–¥–∞).
–î–æ–±–∞–≤—å—Ç–µ –º–µ–ª–∫–æ –Ω–∞—Ä–µ–∑–∞–Ω–Ω—ã–π —É–∫—Ä–æ–ø –∏–ª–∏ –ø–µ—Ç—Ä—É—à–∫—É –∏ –ø–æ—Å–æ–ª–∏—Ç–µ –ø–æ –≤–∫—É—Å—É.
–¢—â–∞—Ç–µ–ª—å–Ω–æ –ø–µ—Ä–µ–º–µ—à–∞–π—Ç–µ –º–∞—Å—Å—É –¥–æ –æ–¥–Ω–æ—Ä–æ–¥–Ω–æ—Å—Ç–∏.
–°—Ñ–æ—Ä–º–∏—Ä—É–π—Ç–µ –Ω–µ–±–æ–ª—å—à–∏–µ –∫–æ—Ç–ª–µ—Ç—ã –∏–∑ –ø–æ–ª—É—á–µ–Ω–Ω–æ–≥–æ —Ñ–∞—Ä—à–∞.
–í—ã–ª–æ–∂–∏—Ç–µ –∫–æ—Ç–ª–µ—Ç—ã –≤ –ø–∞—Ä–æ–≤–∞—Ä–∫—É (–∏–ª–∏ –Ω–∞ —Ä–µ—à–µ—Ç–∫—É –¥–ª—è –ø—Ä–∏–≥–æ—Ç–æ–≤–ª–µ–Ω–∏—è –Ω–∞ –ø–∞—Ä—É).
–ì–æ—Ç–æ–≤—å—Ç–µ –Ω–∞ —Å—Ä–µ–¥–Ω–µ–º –æ–≥–Ω–µ 20‚Äì25 –º–∏–Ω—É—Ç, –¥–æ –ø–æ–ª–Ω–æ–π –≥–æ—Ç–æ–≤–Ω–æ—Å—Ç–∏.
–ü–æ–¥–∞–≤–∞–π—Ç–µ –∫—É—Ä–∏–Ω—ã–µ –∫–æ—Ç–ª–µ—Ç—ã —Å –±—Ä–æ–∫–∫–æ–ª–∏ —Å –æ–≤–æ—â–Ω—ã–º –≥–∞—Ä–Ω–∏—Ä–æ–º –∏–ª–∏ –ª–µ–≥–∫–∏–º —Å–æ—É—Å–æ–º, –ø–æ–¥—Ö–æ–¥—è—â–∏–º –¥–ª—è –¥–∏–µ—Ç—ã –ø—Ä–∏ —Å–∏–Ω–¥—Ä–æ–º–µ –ñ–∏–ª—å–±–µ—Ä–∞.",–≤—Ç–æ—Ä–æ–µ –±–ª—é–¥–æ,–∫—É—Ä–∏—Ü–∞,–≤—Ç–æ—Ä–æ–µ –±–ª—é–¥–æ
26,–ö—É—Ä–∏–Ω—ã–µ –∫—É—Å–æ—á–∫–∏ –≤ —è–±–ª–æ—á–Ω–æ–º —Å–æ–∫–µ,"–ö—É—Ä–∏–Ω–æ–µ —Ñ–∏–ª–µ ‚Äì 150 –≥
–Ø–±–ª–æ—á–Ω—ã–π —Å–æ–∫ (–Ω–∞—Ç—É—Ä–∞–ª—å–Ω—ã–π, –±–µ–∑ —Å–∞—Ö–∞—Ä–∞) ‚Äì 100 –º–ª
üßÖ –õ—É–∫ ‚Äì ¬º —à—Ç. (–ø–æ –∂–µ–ª–∞–Ω–∏—é)
üåø –ó–µ–ª–µ–Ω—å (—É–∫—Ä–æ–ø, –ø–µ—Ç—Ä—É—à–∫–∞) ‚Äì –ø–æ –≤–∫—É—Å—É
üßÇ –°–æ–ª—å ‚Äì –ø–æ –≤–∫—É—Å—É","–ù–∞—Ä–µ–∂—å—Ç–µ –∫—É—Ä–∏–Ω–æ–µ —Ñ–∏–ª–µ –Ω–µ–±–æ–ª—å—à–∏–º–∏ –∫—É—Å–æ—á–∫–∞–º–∏.
–ü—Ä–∏ –∂–µ–ª–∞–Ω–∏–∏ –Ω–∞—Ä–µ–∂—å—Ç–µ –ª—É–∫ –º–µ–ª–∫–∏–º–∏ –∫—É–±–∏–∫–∞–º–∏.
–í—ã–ª–æ–∂–∏—Ç–µ –∫—É—Ä–∏–Ω—ã–µ –∫—É—Å–æ—á–∫–∏ –≤ –º–∏—Å–∫—É, –∑–∞–ª–µ–π—Ç–µ –∏—Ö —è–±–ª–æ—á–Ω—ã–º —Å–æ–∫–æ–º, –¥–æ–±–∞–≤—å—Ç–µ –ª—É–∫ –∏ –Ω–µ–º–Ω–æ–≥–æ —Å–æ–ª–∏.
–û—Å—Ç–∞–≤—å—Ç–µ –º–∞—Ä–∏–Ω–æ–≤–∞—Ç—å—Å—è –Ω–∞ 15-20 –º–∏–Ω—É—Ç –¥–ª—è –ø—Ä–∏–¥–∞–Ω–∏—è –Ω–µ–∂–Ω–æ–≥–æ –≤–∫—É—Å–∞ –∏ –∞—Ä–æ–º–∞—Ç–∞.
–ü–µ—Ä–µ–ª–æ–∂–∏—Ç–µ –∫—É—Ä–∏–Ω—ã–µ –∫—É—Å–æ—á–∫–∏ –≤–º–µ—Å—Ç–µ —Å —è–±–ª–æ—á–Ω—ã–º —Å–æ–∫–æ–º –≤ —Å–∫–æ–≤–æ—Ä–æ–¥—É —Å –∞–Ω—Ç–∏–ø—Ä–∏–≥–∞—Ä–Ω—ã–º –ø–æ–∫—Ä—ã—Ç–∏–µ–º.
–¢—É—à–∏—Ç–µ –Ω–∞ —Å—Ä–µ–¥–Ω–µ–º –æ–≥–Ω–µ –æ–∫–æ–ª–æ 15-20 –º–∏–Ω—É—Ç, –ø–æ–∫–∞ –∫—É—Ä–∏—Ü–∞ –Ω–µ —Å—Ç–∞–Ω–µ—Ç –º—è–≥–∫–æ–π –∏ –ø–æ–ª–Ω–æ—Å—Ç—å—é –ø—Ä–∏–≥–æ—Ç–æ–≤–∏—Ç—Å—è. –ü—Ä–∏ –Ω–µ–æ–±—Ö–æ–¥–∏–º–æ—Å—Ç–∏ –¥–æ–±–∞–≤—å—Ç–µ –Ω–µ–º–Ω–æ–≥–æ –≤–æ–¥—ã, —á—Ç–æ–±—ã –∫—É—Ä–∏—Ü–∞ –Ω–µ –ø—Ä–∏–≥–æ—Ä–µ–ª–∞.
–ó–∞ 2-3 –º–∏–Ω—É—Ç—ã –¥–æ –æ–∫–æ–Ω—á–∞–Ω–∏—è –≥–æ—Ç–æ–≤–∫–∏ –¥–æ–±–∞–≤—å—Ç–µ –∑–µ–ª–µ–Ω—å.
–ü–æ–¥–∞–≤–∞–π—Ç–µ –∫—É—Ä–∏—Ü—É –≤ —è–±–ª–æ—á–Ω–æ–º —Å–æ–∫–µ —Å —Ä–∏—Å–æ–º, –æ–≤–æ—â–∞–º–∏ –∏–ª–∏ –ª–µ–≥–∫–∏–º –≥–∞—Ä–Ω–∏—Ä–æ–º –ø–æ –≤–∫—É—Å—É.",–≤—Ç–æ—Ä–æ–µ –±–ª—é–¥–æ,–∫—É—Ä–∏—Ü–∞,–≤—Ç–æ—Ä–æ–µ –±–ª—é–¥–æ
27,–ö—É—Ä–∏–Ω—ã–µ —Ç–µ—Ñ—Ç–µ–ª–∏ –Ω–∞ –ø–∞—Ä—É —Å —É–∫—Ä–æ–ø–æ–º,"–ö—É—Ä–∏–Ω–æ–µ —Ñ–∏–ª–µ ‚Äì 150 –≥
üåø –£–∫—Ä–æ–ø (—Å–≤–µ–∂–∏–π) ‚Äì 1 –≤–µ—Ç–æ—á–∫–∞
–°—É—Ö–∞—Ä–∏ –ø–∞–Ω–∏—Ä–æ–≤–æ—á–Ω—ã–µ (–Ω–µ—Å–æ–ª–µ–Ω—ã–µ) ‚Äì 1 —á. –ª–æ–∂–∫–∞ (–ø–æ –∂–µ–ª–∞–Ω–∏—é)
üßÇ –°–æ–ª—å ‚Äì –ø–æ –≤–∫—É—Å—É","–ü—Ä–æ–ø—É—Å—Ç–∏—Ç–µ –∫—É—Ä–∏–Ω–æ–µ —Ñ–∏–ª–µ —á–µ—Ä–µ–∑ –º—è—Å–æ—Ä—É–±–∫—É –∏–ª–∏ –∏–∑–º–µ–ª—å—á–∏—Ç–µ –≤ –±–ª–µ–Ω–¥–µ—Ä–µ –¥–æ —Å–æ—Å—Ç–æ—è–Ω–∏—è —Ñ–∞—Ä—à–∞.
–ú–µ–ª–∫–æ –Ω–∞—Ä–µ–∂—å—Ç–µ —É–∫—Ä–æ–ø –∏ –¥–æ–±–∞–≤—å—Ç–µ –µ–≥–æ –≤ —Ñ–∞—Ä—à.
–ü–æ—Å–æ–ª–∏—Ç–µ –ø–æ –≤–∫—É—Å—É –∏ —Ç—â–∞—Ç–µ–ª—å–Ω–æ –ø–µ—Ä–µ–º–µ—à–∞–π—Ç–µ. –ï—Å–ª–∏ —Ñ–∞—Ä—à –ø–æ–ª—É—á–∞–µ—Ç—Å—è —Å–ª–∏—à–∫–æ–º –∂–∏–¥–∫–∏–º, –¥–æ–±–∞–≤—å—Ç–µ –Ω–µ–º–Ω–æ–≥–æ –ø–∞–Ω–∏—Ä–æ–≤–æ—á–Ω—ã—Ö —Å—É—Ö–∞—Ä–µ–π –¥–ª—è –≥—É—Å—Ç–æ—Ç—ã.
–°—Ñ–æ—Ä–º–∏—Ä—É–π—Ç–µ –∏–∑ —Ñ–∞—Ä—à–∞ –Ω–µ–±–æ–ª—å—à–∏–µ —Ç–µ—Ñ—Ç–µ–ª–∏, —Ä–∞–∑–º–µ—Ä–æ–º —Å –≥—Ä–µ—Ü–∫–∏–π –æ—Ä–µ—Ö.
–í—ã–ª–æ–∂–∏—Ç–µ —Ç–µ—Ñ—Ç–µ–ª–∏ –≤ –ø–∞—Ä–æ–≤–∞—Ä–∫—É (–∏–ª–∏ –Ω–∞ —Ä–µ—à–µ—Ç–∫—É –¥–ª—è –ø—Ä–∏–≥–æ—Ç–æ–≤–ª–µ–Ω–∏—è –Ω–∞ –ø–∞—Ä—É).
–ì–æ—Ç–æ–≤—å—Ç–µ –Ω–∞ —Å—Ä–µ–¥–Ω–µ–º –æ–≥–Ω–µ –æ–∫–æ–ª–æ 20 –º–∏–Ω—É—Ç, –ø–æ–∫–∞ —Ç–µ—Ñ—Ç–µ–ª–∏ –Ω–µ —Å—Ç–∞–Ω—É—Ç –ø–æ–ª–Ω–æ—Å—Ç—å—é –≥–æ—Ç–æ–≤—ã–º–∏.
–ü–æ–¥–∞–≤–∞–π—Ç–µ –∫—É—Ä–∏–Ω—ã–µ —Ç–µ—Ñ—Ç–µ–ª–∏ —Å –≥–∞—Ä–Ω–∏—Ä–æ–º –∏–∑ –æ–≤–æ—â–µ–π, –∫–∞—Ä—Ç–æ—Ñ–µ–ª—å–Ω—ã–º –ø—é—Ä–µ –∏–ª–∏ —Ä–∏—Å–æ–º.",–≤—Ç–æ—Ä–æ–µ –±–ª—é–¥–æ,–∫—É—Ä–∏—Ü–∞,–≤—Ç–æ—Ä–æ–µ –±–ª—é–¥–æ
28,"–ö–∞—Ä—Ç–æ—Ñ–µ–ª—å, –∑–∞–ø–µ—á—ë–Ω–Ω—ã–π —Å —Ä–æ–∑–º–∞—Ä–∏–Ω–æ–º","ü•î –ö–∞—Ä—Ç–æ—Ñ–µ–ª—å ‚Äì 150 –≥ (1 —Å—Ä–µ–¥–Ω–∏–π –∫–ª—É–±–µ–Ω—å)
–†–æ–∑–º–∞—Ä–∏–Ω (—Å–≤–µ–∂–∏–π –∏–ª–∏ —Å—É—à–µ–Ω—ã–π) ‚Äì 1 –≤–µ—Ç–æ—á–∫–∞ –∏–ª–∏ 1/4 —á. –ª–æ–∂–∫–∏ —Å—É—à–µ–Ω–æ–≥–æ
üßà –û–ª–∏–≤–∫–æ–≤–æ–µ –º–∞—Å–ª–æ ‚Äì 1/2 —á. –ª–æ–∂–∫–∏
üßÇ –°–æ–ª—å ‚Äì –ø–æ –≤–∫—É—Å—É","–•–æ—Ä–æ—à–æ –≤—ã–º–æ–π—Ç–µ –∫–∞—Ä—Ç–æ—Ñ–µ–ª—å –∏ –Ω–∞—Ä–µ–∂—å—Ç–µ –µ–≥–æ —Ç–æ–Ω–∫–∏–º–∏ –ª–æ–º—Ç–∏–∫–∞–º–∏, –æ—Å—Ç–∞–≤–∏–≤ –∫–æ–∂—É—Ä—É (–µ—Å–ª–∏ –æ–Ω–∞ —Ç–æ–Ω–∫–∞—è –∏ –º–æ–ª–æ–¥–∞—è).
–ü–µ—Ä–µ–ª–æ–∂–∏—Ç–µ –ª–æ–º—Ç–∏–∫–∏ –≤ –º–∏—Å–∫—É.
–ü–æ—Å—ã–ø—å—Ç–µ –∫–∞—Ä—Ç–æ—Ñ–µ–ª—å —Ä–æ–∑–º–∞—Ä–∏–Ω–æ–º –∏ —Å–æ–ª—å—é.
–î–æ–±–∞–≤—å—Ç–µ –æ–ª–∏–≤–∫–æ–≤–æ–µ –º–∞—Å–ª–æ –∏ —Ç—â–∞—Ç–µ–ª—å–Ω–æ –ø–µ—Ä–µ–º–µ—à–∞–π—Ç–µ, —á—Ç–æ–±—ã –ª–æ–º—Ç–∏–∫–∏ –±—ã–ª–∏ —Ä–∞–≤–Ω–æ–º–µ—Ä–Ω–æ –ø–æ–∫—Ä—ã—Ç—ã –º–∞—Å–ª–æ–º –∏ –ø—Ä–∏–ø—Ä–∞–≤–∞–º–∏.
–†–∞–∑–æ–≥—Ä–µ–π—Ç–µ –¥—É—Ö–æ–≤–∫—É –¥–æ 200¬∞C.
–í—ã–ª–æ–∂–∏—Ç–µ –ª–æ–º—Ç–∏–∫–∏ –∫–∞—Ä—Ç–æ—Ñ–µ–ª—è –Ω–∞ –ø—Ä–æ—Ç–∏–≤–µ–Ω—å, –∑–∞—Å—Ç–µ–ª–µ–Ω–Ω—ã–π –ø–µ—Ä–≥–∞–º–µ–Ω—Ç–æ–º, –≤ –æ–¥–∏–Ω —Å–ª–æ–π.
–ó–∞–ø–µ–∫–∞–π—Ç–µ –ø—Ä–∏–º–µ—Ä–Ω–æ 20‚Äì25 –º–∏–Ω—É—Ç, –ø–æ–∫–∞ –∫–∞—Ä—Ç–æ—Ñ–µ–ª—å –Ω–µ —Å—Ç–∞–Ω–µ—Ç –∑–æ–ª–æ—Ç–∏—Å—Ç—ã–º –∏ –º—è–≥–∫–∏–º. –ü–µ—Ä–µ–≤–µ—Ä–Ω–∏—Ç–µ –ª–æ–º—Ç–∏–∫–∏ –Ω–∞ —Å–µ—Ä–µ–¥–∏–Ω–µ –ø—Ä–∏–≥–æ—Ç–æ–≤–ª–µ–Ω–∏—è –¥–ª—è —Ä–∞–≤–Ω–æ–º–µ—Ä–Ω–æ–≥–æ –∑–∞–ø–µ–∫–∞–Ω–∏—è.
–ü–æ–¥–∞–≤–∞–π—Ç–µ –≥–æ—Ä—è—á–∏–º–∏ –∫–∞–∫ –≥–∞—Ä–Ω–∏—Ä –∫ –æ—Å–Ω–æ–≤–Ω–æ–º—É –±–ª—é–¥—É –∏–ª–∏ –∫–∞–∫ —Å–∞–º–æ—Å—Ç–æ—è—Ç–µ–ª—å–Ω—É—é –∑–∞–∫—É—Å–∫—É.
–ú–æ–∂–Ω–æ –¥–æ–±–∞–≤–∏—Ç—å –Ω–µ–º–Ω–æ–≥–æ –º–æ–ª–æ—Ç–æ–≥–æ —á–µ—Ä–Ω–æ–≥–æ –ø–µ—Ä—Ü–∞ –∏–ª–∏ —á–µ—Å–Ω–æ–∫–∞ –¥–ª—è –∞—Ä–æ–º–∞—Ç–∞, –µ—Å–ª–∏ —ç—Ç–æ –Ω–µ –ø—Ä–æ—Ç–∏–≤–æ–ø–æ–∫–∞–∑–∞–Ω–æ.",–≥–∞—Ä–Ω–∏—Ä—ã,–∫–∞—Ä—Ç–æ—Ñ–µ–ª—å,–≥–∞—Ä–Ω–∏—Ä—ã
29,"–ö–∞—Ä—Ç–æ—Ñ–µ–ª—å, –∑–∞–ø–µ—á—ë–Ω–Ω—ã–π —Å —Ç—Ä–∞–≤–∞–º–∏","ü•î –ö–∞—Ä—Ç–æ—Ñ–µ–ª—å ‚Äì 150 –≥ (1 —Å—Ä–µ–¥–Ω–∏–π –∫–ª—É–±–µ–Ω—å)
üßà –û–ª–∏–≤–∫–æ–≤–æ–µ –º–∞—Å–ª–æ ‚Äì 1 —á. –ª–æ–∂–∫–∞
–°—É—à–µ–Ω—ã–π —Ä–æ–∑–º–∞—Ä–∏–Ω ‚Äì 1/4 —á. –ª–æ–∂–∫–∏
–°—É—à–µ–Ω—ã–π —Ç–∏–º—å—è–Ω ‚Äì 1/4 —á. –ª–æ–∂–∫–∏
üßÇ –°–æ–ª—å ‚Äì –ø–æ –≤–∫—É—Å—É","–û—á–∏—Å—Ç–∏—Ç–µ –∫–∞—Ä—Ç–æ—Ñ–µ–ª—å –∏ –Ω–∞—Ä–µ–∂—å—Ç–µ –µ–≥–æ –¥–æ–ª—å–∫–∞–º–∏ –∏–ª–∏ –∫—Ä—É–ø–Ω—ã–º–∏ –∫—É–±–∏–∫–∞–º–∏.
–í –º–∏—Å–∫–µ —Å–æ–µ–¥–∏–Ω–∏—Ç–µ –∫–∞—Ä—Ç–æ—Ñ–µ–ª—å, –æ–ª–∏–≤–∫–æ–≤–æ–µ –º–∞—Å–ª–æ, —Ä–æ–∑–º–∞—Ä–∏–Ω, —Ç–∏–º—å—è–Ω –∏ –Ω–µ–º–Ω–æ–≥–æ —Å–æ–ª–∏. –•–æ—Ä–æ—à–æ –ø–µ—Ä–µ–º–µ—à–∞–π—Ç–µ, —á—Ç–æ–±—ã –∫–∞–∂–¥—ã–π –∫—É—Å–æ—á–µ–∫ –∫–∞—Ä—Ç–æ—Ñ–µ–ª—è –±—ã–ª –ø–æ–∫—Ä—ã—Ç –º–∞—Å–ª–æ–º –∏ —Ç—Ä–∞–≤–∞–º–∏.
–†–∞–∑–æ–≥—Ä–µ–π—Ç–µ –¥—É—Ö–æ–≤–∫—É –¥–æ 200 ¬∞C.
–í—ã–ª–æ–∂–∏—Ç–µ –∫–∞—Ä—Ç–æ—Ñ–µ–ª—å –Ω–∞ –ø—Ä–æ—Ç–∏–≤–µ–Ω—å, –∑–∞—Å—Ç–µ–ª–µ–Ω–Ω—ã–π –ø–µ—Ä–≥–∞–º–µ–Ω—Ç–Ω–æ–π –±—É–º–∞–≥–æ–π, –æ–¥–Ω–∏–º —Å–ª–æ–µ–º.
–ó–∞–ø–µ–∫–∞–π—Ç–µ –∫–∞—Ä—Ç–æ—Ñ–µ–ª—å –≤ –¥—É—Ö–æ–≤–∫–µ –ø—Ä–∏–º–µ—Ä–Ω–æ 20‚Äì25 –º–∏–Ω—É—Ç –∏–ª–∏ –¥–æ –∑–æ–ª–æ—Ç–∏—Å—Ç–æ–π –∫–æ—Ä–æ—á–∫–∏, –ø–µ—Ä–∏–æ–¥–∏—á–µ—Å–∫–∏ –ø–µ—Ä–µ–º–µ—à–∏–≤–∞—è, —á—Ç–æ–±—ã –∫—É—Å–æ—á–∫–∏ –ø–æ–¥—Ä—É–º—è–Ω–∏–ª–∏—Å—å —Ä–∞–≤–Ω–æ–º–µ—Ä–Ω–æ.
–ü–æ–¥–∞–≤–∞–π—Ç–µ –∑–∞–ø–µ—á—ë–Ω–Ω—ã–π –∫–∞—Ä—Ç–æ—Ñ–µ–ª—å –≥–æ—Ä—è—á–∏–º.",–≥–∞—Ä–Ω–∏—Ä—ã,–∫–∞—Ä—Ç–æ—Ñ–µ–ª—å,–≥–∞—Ä–Ω–∏—Ä—ã
30,"–ö–∞—Ä—Ç–æ—Ñ–µ–ª—å, –∑–∞–ø–µ—á—ë–Ω–Ω—ã–π —Å –∑–µ–ª–µ–Ω—å—é","ü•î –ö–∞—Ä—Ç–æ—Ñ–µ–ª—å ‚Äì 150 –≥ (1 —Å—Ä–µ–¥–Ω–∏–π –∫–ª—É–±–µ–Ω—å)
üßà –û–ª–∏–≤–∫–æ–≤–æ–µ –º–∞—Å–ª–æ ‚Äì 1 —á. –ª–æ–∂–∫–∞
üåø –°–≤–µ–∂–∞—è –ø–µ—Ç—Ä—É—à–∫–∞ ‚Äì 1 —Å—Ç. –ª–æ–∂–∫–∞, –º–µ–ª–∫–æ –Ω–∞—Ä–µ–∑–∞–Ω–Ω–∞—è
üåø –°–≤–µ–∂–∏–π —É–∫—Ä–æ–ø ‚Äì 1 —Å—Ç. –ª–æ–∂–∫–∞, –º–µ–ª–∫–æ –Ω–∞—Ä–µ–∑–∞–Ω–Ω—ã–π
üßÇ –°–æ–ª—å ‚Äì –ø–æ –≤–∫—É—Å—É","–û—á–∏—Å—Ç–∏—Ç–µ –∫–∞—Ä—Ç–æ—Ñ–µ–ª—å –∏ –Ω–∞—Ä–µ–∂—å—Ç–µ –µ–≥–æ –¥–æ–ª—å–∫–∞–º–∏ –∏–ª–∏ –∫—Ä—É–ø–Ω—ã–º–∏ –∫—É–±–∏–∫–∞–º–∏.
–í –º–∏—Å–∫–µ —Å–º–µ—à–∞–π—Ç–µ –∫–∞—Ä—Ç–æ—Ñ–µ–ª—å —Å –æ–ª–∏–≤–∫–æ–≤—ã–º –º–∞—Å–ª–æ–º –∏ –Ω–µ–º–Ω–æ–≥–æ –ø–æ—Å–æ–ª–∏—Ç–µ, –ø–µ—Ä–µ–º–µ—à–∞–π—Ç–µ, —á—Ç–æ–±—ã –∫–∞–∂–¥—ã–π –∫—É—Å–æ—á–µ–∫ –±—ã–ª –ø–æ–∫—Ä—ã—Ç –º–∞—Å–ª–æ–º.
–†–∞–∑–æ–≥—Ä–µ–π—Ç–µ –¥—É—Ö–æ–≤–∫—É –¥–æ 200 ¬∞C.
–í—ã–ª–æ–∂–∏—Ç–µ –∫–∞—Ä—Ç–æ—Ñ–µ–ª—å –Ω–∞ –ø—Ä–æ—Ç–∏–≤–µ–Ω—å, –∑–∞—Å—Ç–µ–ª–µ–Ω–Ω—ã–π –ø–µ—Ä–≥–∞–º–µ–Ω—Ç–Ω–æ–π –±—É–º–∞–≥–æ–π, –≤ –æ–¥–∏–Ω —Å–ª–æ–π.
–ó–∞–ø–µ–∫–∞–π—Ç–µ –∫–∞—Ä—Ç–æ—Ñ–µ–ª—å –≤ –¥—É—Ö–æ–≤–∫–µ 20‚Äì25 –º–∏–Ω—É—Ç –¥–æ –∑–æ–ª–æ—Ç–∏—Å—Ç–æ–≥–æ —Ü–≤–µ—Ç–∞, –ø–µ—Ä–∏–æ–¥–∏—á–µ—Å–∫–∏ –ø–µ—Ä–µ–º–µ—à–∏–≤–∞—è.
–î–æ—Å—Ç–∞–Ω—å—Ç–µ –∫–∞—Ä—Ç–æ—Ñ–µ–ª—å –∏–∑ –¥—É—Ö–æ–≤–∫–∏ –∏ –ø–æ—Å—ã–ø—å—Ç–µ –µ–≥–æ —Å–≤–µ–∂–µ–π –ø–µ—Ç—Ä—É—à–∫–æ–π –∏ —É–∫—Ä–æ–ø–æ–º.
–ü–µ—Ä–µ–º–µ—à–∞–π—Ç–µ –∏ –ø–æ–¥–∞–≤–∞–π—Ç–µ –≥–æ—Ä—è—á–∏–º.",–≥–∞—Ä–Ω–∏—Ä—ã,–∫–∞—Ä—Ç–æ—Ñ–µ–ª—å,–≥–∞—Ä–Ω–∏—Ä—ã
31,–ö–∞—Ä—Ç–æ—Ñ–µ–ª—å–Ω—ã–µ –¥–æ–ª—å–∫–∏ –Ω–∞ –ø–∞—Ä—É —Å –ø–∞–ø—Ä–∏–∫–æ–π,"ü•î –ö–∞—Ä—Ç–æ—Ñ–µ–ª—å ‚Äì 150 –≥ (1 —Å—Ä–µ–¥–Ω–∏–π –∫–ª—É–±–µ–Ω—å)
–ü–∞–ø—Ä–∏–∫–∞ (–º–æ–ª–æ—Ç–∞—è) ‚Äì 1/2 —á. –ª–æ–∂–∫–∏
üßÇ –°–æ–ª—å ‚Äì –ø–æ –≤–∫—É—Å—É
üåø –°–≤–µ–∂–∏–π —É–∫—Ä–æ–ø –∏–ª–∏ –ø–µ—Ç—Ä—É—à–∫–∞ ‚Äì –¥–ª—è –ø–æ–¥–∞—á–∏ (–ø–æ –∂–µ–ª–∞–Ω–∏—é)","–û—á–∏—Å—Ç–∏—Ç–µ –∫–∞—Ä—Ç–æ—Ñ–µ–ª—å –∏ –Ω–∞—Ä–µ–∂—å—Ç–µ –µ–≥–æ –¥–æ–ª—å–∫–∞–º–∏ (—Å—Ä–µ–¥–Ω–µ–≥–æ —Ä–∞–∑–º–µ—Ä–∞).
–ü–æ—Å—ã–ø—å—Ç–µ –∫–∞—Ä—Ç–æ—Ñ–µ–ª—å–Ω—ã–µ –¥–æ–ª—å–∫–∏ –ø–∞–ø—Ä–∏–∫–æ–π –∏ –Ω–µ–º–Ω–æ–≥–æ –ø–æ—Å–æ–ª–∏—Ç–µ. –ü–µ—Ä–µ–º–µ—à–∞–π—Ç–µ, —á—Ç–æ–±—ã –∫–∞–∂–¥—ã–π –∫—É—Å–æ—á–µ–∫ –∫–∞—Ä—Ç–æ—Ñ–µ–ª—è –±—ã–ª –ø–æ–∫—Ä—ã—Ç —Å–ø–µ—Ü–∏—è–º–∏.
–í—ã–ª–æ–∂–∏—Ç–µ –∫–∞—Ä—Ç–æ—Ñ–µ–ª—å–Ω—ã–µ –¥–æ–ª—å–∫–∏ –≤ –ø–∞—Ä–æ–≤–∞—Ä–∫—É –∏–ª–∏ –Ω–∞ —Ä–µ—à–µ—Ç–∫—É –¥–ª—è –ø—Ä–∏–≥–æ—Ç–æ–≤–ª–µ–Ω–∏—è –Ω–∞ –ø–∞—Ä—É.
–ì–æ—Ç–æ–≤—å—Ç–µ –Ω–∞ –ø–∞—Ä—É 15‚Äì20 –º–∏–Ω—É—Ç, –ø–æ–∫–∞ –∫–∞—Ä—Ç–æ—Ñ–µ–ª—å –Ω–µ —Å—Ç–∞–Ω–µ—Ç –º—è–≥–∫–∏–º.
–ü–µ—Ä–µ–ª–æ–∂–∏—Ç–µ –≥–æ—Ç–æ–≤—ã–µ –∫–∞—Ä—Ç–æ—Ñ–µ–ª—å–Ω—ã–µ –¥–æ–ª—å–∫–∏ –Ω–∞ —Ç–∞—Ä–µ–ª–∫—É –∏ –ø—Ä–∏ –∂–µ–ª–∞–Ω–∏–∏ —É–∫—Ä–∞—Å—å—Ç–µ —Å–≤–µ–∂–µ–π –∑–µ–ª–µ–Ω—å—é.
–ü–æ–¥–∞–≤–∞–π—Ç–µ –≥–æ—Ä—è—á–∏–º–∏.",–≥–∞—Ä–Ω–∏—Ä—ã,–∫–∞—Ä—Ç–æ—Ñ–µ–ª—å,–≥–∞—Ä–Ω–∏—Ä—ã
32,"–ö–∞—Ä—Ç–æ—Ñ–µ–ª—å, —Ç—É—à—ë–Ω—ã–π —Å –º–æ—Ä–∫–æ–≤—å—é –∏ –ª—É–∫–æ–º","ü•î –ö–∞—Ä—Ç–æ—Ñ–µ–ª—å ‚Äì 150 –≥ (1 —Å—Ä–µ–¥–Ω–∏–π –∫–ª—É–±–µ–Ω—å)
ü•ï –ú–æ—Ä–∫–æ–≤—å ‚Äì 50 –≥ (1 –Ω–µ–±–æ–ª—å—à–∞—è –º–æ—Ä–∫–æ–≤—å)
üßÖ –õ—É–∫ ‚Äì 1/4 –º–∞–ª–µ–Ω—å–∫–æ–π –ª—É–∫–æ–≤–∏—Ü—ã
–í–æ–¥–∞ ‚Äì 100 –º–ª
üßÇ –°–æ–ª—å ‚Äì –ø–æ –≤–∫—É—Å—É
üßà –û–ª–∏–≤–∫–æ–≤–æ–µ –º–∞—Å–ª–æ (–ø–æ –∂–µ–ª–∞–Ω–∏—é) ‚Äì 1 —á. –ª–æ–∂–∫–∞
üåø –°–≤–µ–∂–∞—è –∑–µ–ª–µ–Ω—å (—É–∫—Ä–æ–ø –∏–ª–∏ –ø–µ—Ç—Ä—É—à–∫–∞) ‚Äì –ø–æ –≤–∫—É—Å—É","–ö–∞—Ä—Ç–æ—Ñ–µ–ª—å –æ—á–∏—Å—Ç–∏—Ç–µ –∏ –Ω–∞—Ä–µ–∂—å—Ç–µ –∫—É–±–∏–∫–∞–º–∏ —Å—Ä–µ–¥–Ω–µ–≥–æ —Ä–∞–∑–º–µ—Ä–∞.
–ú–æ—Ä–∫–æ–≤—å –æ—á–∏—Å—Ç–∏—Ç–µ –∏ –Ω–∞—Ä–µ–∂—å—Ç–µ —Ç–æ–Ω–∫–∏–º–∏ –∫—Ä—É–≥–ª—è—à–∫–∞–º–∏ –∏–ª–∏ —Å–æ–ª–æ–º–∫–æ–π.
–õ—É–∫ –Ω–∞—Ä–µ–∂—å—Ç–µ –º–µ–ª–∫–∏–º–∏ –∫—É–±–∏–∫–∞–º–∏.
–í –∫–∞—Å—Ç—Ä—é–ª–µ —Å —Ç–æ–ª—Å—Ç—ã–º –¥–Ω–æ–º —Ä–∞–∑–æ–≥—Ä–µ–π—Ç–µ –æ–ª–∏–≤–∫–æ–≤–æ–µ –º–∞—Å–ª–æ (–µ—Å–ª–∏ –∏—Å–ø–æ–ª—å–∑—É–µ—Ç–µ).
–î–æ–±–∞–≤—å—Ç–µ –ª—É–∫ –∏ –º–æ—Ä–∫–æ–≤—å, —Ç—É—à–∏—Ç–µ –Ω–∞ —Å–ª–∞–±–æ–º –æ–≥–Ω–µ, –ø–æ–∫–∞ –ª—É–∫ –Ω–µ —Å—Ç–∞–Ω–µ—Ç –º—è–≥–∫–∏–º (–æ–∫–æ–ª–æ 5 –º–∏–Ω—É—Ç).
–ó–∞—Ç–µ–º –¥–æ–±–∞–≤—å—Ç–µ –∫–∞—Ä—Ç–æ—Ñ–µ–ª—å, –ø–µ—Ä–µ–º–µ—à–∞–π—Ç–µ –≤—Å–µ –∏–Ω–≥—Ä–µ–¥–∏–µ–Ω—Ç—ã.
–í–ª–µ–π—Ç–µ –≤–æ–¥—É –∏ –¥–æ–±–∞–≤—å—Ç–µ —Å–æ–ª—å.
–¢—É—à–∏—Ç–µ –Ω–∞ —Å–ª–∞–±–æ–º –æ–≥–Ω–µ –ø–æ–¥ –∫—Ä—ã—à–∫–æ–π 20-25 –º–∏–Ω—É—Ç, –ø–æ–∫–∞ –∫–∞—Ä—Ç–æ—Ñ–µ–ª—å –∏ –º–æ—Ä–∫–æ–≤—å –Ω–µ —Å—Ç–∞–Ω—É—Ç –º—è–≥–∫–∏–º–∏. –ü—Ä–∏ –Ω–µ–æ–±—Ö–æ–¥–∏–º–æ—Å—Ç–∏ –¥–æ–±–∞–≤—å—Ç–µ –Ω–µ–º–Ω–æ–≥–æ –≤–æ–¥—ã –≤ –ø—Ä–æ—Ü–µ—Å—Å–µ —Ç—É—à–µ–Ω–∏—è.
–ü–æ –≥–æ—Ç–æ–≤–Ω–æ—Å—Ç–∏ —Å–Ω–∏–º–∏—Ç–µ —Å –æ–≥–Ω—è, –ø–æ—Å—ã–ø—å—Ç–µ —Å–≤–µ–∂–µ–π –∑–µ–ª–µ–Ω—å—é.
–ü–æ–¥–∞–≤–∞–π—Ç–µ –≥–æ—Ä—è—á–∏–º.",–≥–∞—Ä–Ω–∏—Ä—ã,–∫–∞—Ä—Ç–æ—Ñ–µ–ª—å,–≥–∞—Ä–Ω–∏—Ä—ã
33,"–ö–∞—Ä—Ç–æ—Ñ–µ–ª—å, –≤–∞—Ä–µ–Ω—ã–π —Å —É–∫—Ä–æ–ø–æ–º","ü•î –ö–∞—Ä—Ç–æ—Ñ–µ–ª—å ‚Äì 150 –≥ (1 —Å—Ä–µ–¥–Ω–∏–π –∫–ª—É–±–µ–Ω—å)
üåø –°–≤–µ–∂–∏–π —É–∫—Ä–æ–ø ‚Äì 1-2 –≤–µ—Ç–æ—á–∫–∏
üßÇ –°–æ–ª—å ‚Äì –ø–æ –≤–∫—É—Å—É","–û—á–∏—Å—Ç–∏—Ç–µ –∫–∞—Ä—Ç–æ—Ñ–µ–ª—å –∏ –Ω–∞—Ä–µ–∂—å—Ç–µ –µ–≥–æ –Ω–∞ –∫—Ä—É–ø–Ω—ã–µ –∫—É—Å–∫–∏, –µ—Å–ª–∏ –∫–ª—É–±–µ–Ω—å –±–æ–ª—å—à–æ–π.
–ü–æ–ª–æ–∂–∏—Ç–µ –∫–∞—Ä—Ç–æ—Ñ–µ–ª—å –≤ –∫–∞—Å—Ç—Ä—é–ª—é, –∑–∞–ª–µ–π—Ç–µ –≤–æ–¥–æ–π —Ç–∞–∫, —á—Ç–æ–±—ã –æ–Ω–∞ –ø–æ–∫—Ä—ã–≤–∞–ª–∞ –∫–∞—Ä—Ç–æ—Ñ–µ–ª—å.
–î–æ–≤–µ–¥–∏—Ç–µ –≤–æ–¥—É –¥–æ –∫–∏–ø–µ–Ω–∏—è, –¥–æ–±–∞–≤—å—Ç–µ –Ω–µ–º–Ω–æ–≥–æ —Å–æ–ª–∏.
–í–∞—Ä–∏—Ç–µ –∫–∞—Ä—Ç–æ—Ñ–µ–ª—å –Ω–∞ —Å—Ä–µ–¥–Ω–µ–º –æ–≥–Ω–µ 15-20 –º–∏–Ω—É—Ç, –ø–æ–∫–∞ –æ–Ω –Ω–µ —Å—Ç–∞–Ω–µ—Ç –º—è–≥–∫–∏–º (–ø—Ä–æ–≤–µ—Ä—å—Ç–µ –≥–æ—Ç–æ–≤–Ω–æ—Å—Ç—å –Ω–æ–∂–æ–º –∏–ª–∏ –≤–∏–ª–∫–æ–π).
–°–ª–µ–π—Ç–µ –≤–æ–¥—É, –ø–æ—Å—ã–ø—å—Ç–µ –∫–∞—Ä—Ç–æ—Ñ–µ–ª—å –º–µ–ª–∫–æ –Ω–∞—Ä–µ–∑–∞–Ω–Ω—ã–º —É–∫—Ä–æ–ø–æ–º –∏ –ø–µ—Ä–µ–º–µ—à–∞–π—Ç–µ.
–ü–æ–¥–∞–≤–∞–π—Ç–µ –≥–æ—Ä—è—á–∏–º.",–≥–∞—Ä–Ω–∏—Ä—ã,–∫–∞—Ä—Ç–æ—Ñ–µ–ª—å,–≥–∞—Ä–Ω–∏—Ä—ã
34,–ö–∞—Ä—Ç–æ—Ñ–µ–ª—å–Ω–æ–µ –ø—é—Ä–µ —Å –∑–µ–ª–µ–Ω—å—é,"ü•î –ö–∞—Ä—Ç–æ—Ñ–µ–ª—å ‚Äì 150 –≥ (1 —Å—Ä–µ–¥–Ω–∏–π –∫–ª—É–±–µ–Ω—å)
ü•õ –ú–æ–ª–æ–∫–æ (–∫–æ—Ä–æ–≤—å–µ –∏–ª–∏ —Ä–∞—Å—Ç–∏—Ç–µ–ª—å–Ω–æ–µ, –º–∏–Ω–¥–∞–ª—å–Ω–æ–µ) ‚Äì 50 –º–ª
üßÇ –°–æ–ª—å ‚Äì –ø–æ –≤–∫—É—Å—É
üåø –°–≤–µ–∂–∞—è –∑–µ–ª–µ–Ω—å (–ø–µ—Ç—Ä—É—à–∫–∞, —É–∫—Ä–æ–ø) ‚Äì 1‚Äì2 —á. –ª–æ–∂–∫–∏, –∏–∑–º–µ–ª—å—á—ë–Ω–Ω–∞—è","–û—á–∏—Å—Ç–∏—Ç–µ –∫–∞—Ä—Ç–æ—Ñ–µ–ª—å –∏ –Ω–∞—Ä–µ–∂—å—Ç–µ –µ–≥–æ –∫—É–±–∏–∫–∞–º–∏, —á—Ç–æ–±—ã —É—Å–∫–æ—Ä–∏—Ç—å –ø—Ä–∏–≥–æ—Ç–æ–≤–ª–µ–Ω–∏–µ.
–ü–æ–º–µ—Å—Ç–∏—Ç–µ –∫–∞—Ä—Ç–æ—Ñ–µ–ª—å –≤ –∫–∞—Å—Ç—Ä—é–ª—é, –¥–æ–±–∞–≤—å—Ç–µ –≤–æ–¥—ã, —á—Ç–æ–±—ã –ø–æ–∫—Ä—ã—Ç—å –µ–≥–æ, –∏ –Ω–µ–º–Ω–æ–≥–æ —Å–æ–ª–∏.
–í–∞—Ä–∏—Ç–µ –∫–∞—Ä—Ç–æ—Ñ–µ–ª—å –Ω–∞ —Å—Ä–µ–¥–Ω–µ–º –æ–≥–Ω–µ –¥–æ –º—è–≥–∫–æ—Å—Ç–∏, –ø—Ä–∏–º–µ—Ä–Ω–æ 15‚Äì20 –º–∏–Ω—É—Ç.
–°–ª–µ–π—Ç–µ –≤–æ–¥—É –∏ –æ—Å—Ç–∞–≤—å—Ç–µ –∫–∞—Ä—Ç–æ—Ñ–µ–ª—å –Ω–∞ –ø–∞—Ä—É –º–∏–Ω—É—Ç –≤ –∫–∞—Å—Ç—Ä—é–ª–µ, —á—Ç–æ–±—ã –∏—Å–ø–∞—Ä–∏–ª–∞—Å—å –ª–∏—à–Ω—è—è –≤–ª–∞–≥–∞.
–î–æ–±–∞–≤—å—Ç–µ –∫ –∫–∞—Ä—Ç–æ—Ñ–µ–ª—é –º–æ–ª–æ–∫–æ –∏ —Ä–∞–∑–æ–º–Ω–∏—Ç–µ –µ–≥–æ –¥–æ –ø–æ–ª—É—á–µ–Ω–∏—è –æ–¥–Ω–æ—Ä–æ–¥–Ω–æ–≥–æ –ø—é—Ä–µ. –ú–æ–∂–Ω–æ –∏—Å–ø–æ–ª—å–∑–æ–≤–∞—Ç—å –∫–∞—Ä—Ç–æ—Ñ–µ–ª–µ–º—è–ª–∫—É –∏–ª–∏ –≤–µ–Ω—á–∏–∫.
–í–º–µ—à–∞–π—Ç–µ –∏–∑–º–µ–ª—å—á—ë–Ω–Ω—É—é –∑–µ–ª–µ–Ω—å –∏ –ø—Ä–∏ –Ω–µ–æ–±—Ö–æ–¥–∏–º–æ—Å—Ç–∏ –¥–æ–±–∞–≤—å—Ç–µ –µ—â–µ –Ω–µ–º–Ω–æ–≥–æ —Å–æ–ª–∏.
–ü–æ–¥–∞–≤–∞–π—Ç–µ –∫–∞—Ä—Ç–æ—Ñ–µ–ª—å–Ω–æ–µ –ø—é—Ä–µ –≥–æ—Ä—è—á–∏–º –∫–∞–∫ –≥–∞—Ä–Ω–∏—Ä –∫ –º—è—Å–Ω—ã–º –∏–ª–∏ –æ–≤–æ—â–Ω—ã–º –±–ª—é–¥–∞–º.
–ú–æ–∂–Ω–æ –¥–æ–±–∞–≤–∏—Ç—å –Ω–µ–º–Ω–æ–≥–æ –æ–ª–∏–≤–∫–æ–≤–æ–≥–æ –º–∞—Å–ª–∞ –¥–ª—è –±–æ–ª–µ–µ –Ω–∞—Å—ã—â–µ–Ω–Ω–æ–≥–æ –≤–∫—É—Å–∞, –µ—Å–ª–∏ —ç—Ç–æ —Å–æ–æ—Ç–≤–µ—Ç—Å—Ç–≤—É–µ—Ç –¥–∏–µ—Ç–∏—á–µ—Å–∫–∏–º —Ä–µ–∫–æ–º–µ–Ω–¥–∞—Ü–∏—è–º.",–≥–∞—Ä–Ω–∏—Ä—ã,–∫–∞—Ä—Ç–æ—Ñ–µ–ª—å,–≥–∞—Ä–Ω–∏—Ä—ã
35,–ö–∞—Ä—Ç–æ—Ñ–µ–ª—å–Ω–æ–µ –ø—é—Ä–µ –Ω–∞ –≤–æ–¥–µ,"ü•î –ö–∞—Ä—Ç–æ—Ñ–µ–ª—å ‚Äì 150 –≥ (1 —Å—Ä–µ–¥–Ω–∏–π –∫–ª—É–±–µ–Ω—å)
–í–æ–¥–∞ ‚Äì –¥–ª—è –≤–∞—Ä–∫–∏
üßÇ –°–æ–ª—å ‚Äì –ø–æ –≤–∫—É—Å—É
üåø –£–∫—Ä–æ–ø –∏–ª–∏ –ø–µ—Ç—Ä—É—à–∫–∞ (–¥–ª—è —É–∫—Ä–∞—à–µ–Ω–∏—è) ‚Äì –ø–æ –∂–µ–ª–∞–Ω–∏—é","–û—á–∏—Å—Ç–∏—Ç–µ –∫–∞—Ä—Ç–æ—Ñ–µ–ª—å –∏ –Ω–∞—Ä–µ–∂—å—Ç–µ –µ–≥–æ –Ω–∞ –Ω–µ–±–æ–ª—å—à–∏–µ –∫—É—Å–∫–∏, —á—Ç–æ–±—ã –æ–Ω –±—ã—Å—Ç—Ä–µ–µ —Å–≤–∞—Ä–∏–ª—Å—è.
–ü–æ–º–µ—Å—Ç–∏—Ç–µ –∫–∞—Ä—Ç–æ—Ñ–µ–ª—å –≤ –∫–∞—Å—Ç—Ä—é–ª—é –∏ –∑–∞–ª–µ–π—Ç–µ –≤–æ–¥–æ–π, —á—Ç–æ–±—ã –æ–Ω–∞ –ø–æ–∫—Ä—ã–≤–∞–ª–∞ –∫–∞—Ä—Ç–æ—Ñ–µ–ª—å.
–î–æ–≤–µ–¥–∏—Ç–µ –¥–æ –∫–∏–ø–µ–Ω–∏—è, –¥–æ–±–∞–≤—å—Ç–µ –Ω–µ–º–Ω–æ–≥–æ —Å–æ–ª–∏, —É–±–∞–≤—å—Ç–µ –æ–≥–æ–Ω—å –∏ –≤–∞—Ä–∏—Ç–µ –¥–æ –º—è–≥–∫–æ—Å—Ç–∏, –æ–∫–æ–ª–æ 15-20 –º–∏–Ω—É—Ç.
–°–ª–µ–π—Ç–µ –≤–æ–¥—É, –æ—Å—Ç–∞–≤–∏–≤ –ø—Ä–∏–º–µ—Ä–Ω–æ 2-3 —Å—Ç–æ–ª–æ–≤—ã–µ –ª–æ–∂–∫–∏ –æ—Ç–≤–∞—Ä–∞ –¥–ª—è —Ä–∞–∑–º–∞—á–∏–≤–∞–Ω–∏—è –∫–∞—Ä—Ç–æ—Ñ–µ–ª—è.
–†–∞–∑–æ–º–Ω–∏—Ç–µ –∫–∞—Ä—Ç–æ—Ñ–µ–ª—å –¥–æ —Å–æ—Å—Ç–æ—è–Ω–∏—è –ø—é—Ä–µ, –¥–æ–±–∞–≤–ª—è—è –æ—Å—Ç–∞–≤–ª–µ–Ω–Ω—ã–π –æ—Ç–≤–∞—Ä, —á—Ç–æ–±—ã –¥–æ–±–∏—Ç—å—Å—è –Ω—É–∂–Ω–æ–π –∫–æ–Ω—Å–∏—Å—Ç–µ–Ω—Ü–∏–∏.
–ü–æ–¥–∞–≤–∞–π—Ç–µ –ø—é—Ä–µ —Ç–µ–ø–ª—ã–º, —É–∫—Ä–∞—Å–∏–≤ –º–µ–ª–∫–æ –Ω–∞—Ä–µ–∑–∞–Ω–Ω–æ–π –∑–µ–ª–µ–Ω—å—é, –µ—Å–ª–∏ —Ö–æ—Ç–∏—Ç–µ.",–≥–∞—Ä–Ω–∏—Ä—ã,–∫–∞—Ä—Ç–æ—Ñ–µ–ª—å,–≥–∞—Ä–Ω–∏—Ä—ã
36,–ö–∞—Ä—Ç–æ—Ñ–µ–ª—å–Ω–æ–µ –ø—é—Ä–µ —Å —Ç—ã–∫–≤–æ–π,"ü•î –ö–∞—Ä—Ç–æ—Ñ–µ–ª—å ‚Äì 100 –≥ (1 –º–∞–ª–µ–Ω—å–∫–∏–π –∫–ª—É–±–µ–Ω—å)
üéÉ –¢—ã–∫–≤–∞ (–º—è–∫–æ—Ç—å) ‚Äì 100 –≥
–í–æ–¥–∞ ‚Äì –¥–ª—è –≤–∞—Ä–∫–∏
üßÇ –°–æ–ª—å ‚Äì –ø–æ –≤–∫—É—Å—É
üåø –£–∫—Ä–æ–ø –∏–ª–∏ –ø–µ—Ç—Ä—É—à–∫–∞ –¥–ª—è —É–∫—Ä–∞—à–µ–Ω–∏—è ‚Äì –ø–æ –∂–µ–ª–∞–Ω–∏—é","–û—á–∏—Å—Ç–∏—Ç–µ –∫–∞—Ä—Ç–æ—Ñ–µ–ª—å –∏ –Ω–∞—Ä–µ–∂—å—Ç–µ –µ–≥–æ –∫—É–±–∏–∫–∞–º–∏.
–¢—ã–∫–≤—É —Ç–∞–∫–∂–µ –Ω–∞—Ä–µ–∂—å—Ç–µ –∫—É–±–∏–∫–∞–º–∏ —Ç–∞–∫–æ–≥–æ –∂–µ —Ä–∞–∑–º–µ—Ä–∞.
–í –∫–∞—Å—Ç—Ä—é–ª—é —Å–ª–æ–∂–∏—Ç–µ –∫–∞—Ä—Ç–æ—Ñ–µ–ª—å –∏ —Ç—ã–∫–≤—É, –∑–∞–ª–µ–π—Ç–µ –≤–æ–¥–æ–π, —á—Ç–æ–±—ã –æ–Ω–∞ –µ–¥–≤–∞ –ø–æ–∫—Ä—ã–≤–∞–ª–∞ –æ–≤–æ—â–∏.
–î–æ–≤–µ–¥–∏—Ç–µ –¥–æ –∫–∏–ø–µ–Ω–∏—è, –¥–æ–±–∞–≤—å—Ç–µ –Ω–µ–º–Ω–æ–≥–æ —Å–æ–ª–∏, —É–±–∞–≤—å—Ç–µ –æ–≥–æ–Ω—å –∏ –≤–∞—Ä–∏—Ç–µ –¥–æ –º—è–≥–∫–æ—Å—Ç–∏, –æ–∫–æ–ª–æ 15-20 –º–∏–Ω—É—Ç.
–°–ª–µ–π—Ç–µ –≤–æ–¥—É, –æ—Å—Ç–∞–≤–∏–≤ –Ω–µ–º–Ω–æ–≥–æ –æ—Ç–≤–∞—Ä–∞ (–æ–∫–æ–ª–æ 2-3 —Å—Ç–æ–ª–æ–≤—ã—Ö –ª–æ–∂–µ–∫), —á—Ç–æ–±—ã –ø—Ä–∏–¥–∞—Ç—å –ø—é—Ä–µ –Ω—É–∂–Ω—É—é –∫–æ–Ω—Å–∏—Å—Ç–µ–Ω—Ü–∏—é.
–†–∞–∑–æ–º–Ω–∏—Ç–µ –∫–∞—Ä—Ç–æ—Ñ–µ–ª—å –∏ —Ç—ã–∫–≤—É –≤ –ø—é—Ä–µ, –¥–æ–±–∞–≤–ª—è—è –æ—Ç–≤–∞—Ä –¥–ª—è –±–æ–ª–µ–µ –∫—Ä–µ–º–æ–≤–æ–π —Ç–µ–∫—Å—Ç—É—Ä—ã.",–≥–∞—Ä–Ω–∏—Ä—ã,–∫–∞—Ä—Ç–æ—Ñ–µ–ª—å,–≥–∞—Ä–Ω–∏—Ä—ã
37,–¢—ã–∫–≤–µ–Ω–Ω–æ–µ –ø—é—Ä–µ —Å –∑–µ–ª–µ–Ω—å—é,"üéÉ –¢—ã–∫–≤–∞ (–º—è–∫–æ—Ç—å) ‚Äì 200 –≥
–í–æ–¥–∞ ‚Äì –¥–ª—è –≤–∞—Ä–∫–∏
üßÇ –°–æ–ª—å ‚Äì –ø–æ –≤–∫—É—Å—É
üåø –ó–µ–ª–µ–Ω—å (—É–∫—Ä–æ–ø –∏–ª–∏ –ø–µ—Ç—Ä—É—à–∫–∞) ‚Äì 1 —Å—Ç. –ª. –º–µ–ª–∫–æ –Ω–∞—Ä–µ–∑–∞–Ω–Ω–æ–π","–ù–∞—Ä–µ–∂—å—Ç–µ –æ—á–∏—â–µ–Ω–Ω—É—é —Ç—ã–∫–≤—É –Ω–µ–±–æ–ª—å—à–∏–º–∏ –∫—É–±–∏–∫–∞–º–∏.
–ü–æ–ª–æ–∂–∏—Ç–µ –∫—É—Å–æ—á–∫–∏ —Ç—ã–∫–≤—ã –≤ –∫–∞—Å—Ç—Ä—é–ª—é, –∑–∞–ª–µ–π—Ç–µ –≤–æ–¥–æ–π —Ç–∞–∫, —á—Ç–æ–±—ã –æ–Ω–∞ —Å–ª–µ–≥–∫–∞ –ø–æ–∫—Ä—ã–≤–∞–ª–∞ —Ç—ã–∫–≤—É.
–î–æ–≤–µ–¥–∏—Ç–µ –¥–æ –∫–∏–ø–µ–Ω–∏—è, –∑–∞—Ç–µ–º –¥–æ–±–∞–≤—å—Ç–µ –Ω–µ–º–Ω–æ–≥–æ —Å–æ–ª–∏ –∏ —É–±–∞–≤—å—Ç–µ –æ–≥–æ–Ω—å.
–í–∞—Ä–∏—Ç–µ –¥–æ –º—è–≥–∫–æ—Å—Ç–∏ —Ç—ã–∫–≤—ã, –æ–∫–æ–ª–æ 15 –º–∏–Ω—É—Ç.
–°–ª–µ–π—Ç–µ –≤–æ–¥—É, –æ—Å—Ç–∞–≤–∏–≤ –ø—Ä–∏–º–µ—Ä–Ω–æ 1‚Äì2 —Å—Ç–æ–ª–æ–≤—ã–µ –ª–æ–∂–∫–∏ –æ—Ç–≤–∞—Ä–∞ –¥–ª—è —Ä–µ–≥—É–ª–∏—Ä–æ–≤–∞–Ω–∏—è –∫–æ–Ω—Å–∏—Å—Ç–µ–Ω—Ü–∏–∏.
–†–∞–∑–æ–º–Ω–∏—Ç–µ —Ç—ã–∫–≤—É –¥–æ –æ–¥–Ω–æ—Ä–æ–¥–Ω–æ–≥–æ –ø—é—Ä–µ, –¥–æ–±–∞–≤–∏–≤ –Ω–µ–º–Ω–æ–≥–æ –æ—Ç–≤–∞—Ä–∞, –µ—Å–ª–∏ –Ω—É–∂–Ω–æ.
–í–º–µ—à–∞–π—Ç–µ –º–µ–ª–∫–æ –Ω–∞—Ä–µ–∑–∞–Ω–Ω—É—é –∑–µ–ª–µ–Ω—å –≤ –ø—é—Ä–µ –¥–ª—è –∞—Ä–æ–º–∞—Ç–∞ –∏ —É–∫—Ä–∞—à–µ–Ω–∏—è.
–ü–æ–¥–∞–≤–∞–π—Ç–µ —Ç–µ–ø–ª—ã–º.",–≥–∞—Ä–Ω–∏—Ä—ã,—Ç—ã–∫–≤–∞,–≥–∞—Ä–Ω–∏—Ä—ã
38,–¢—ã–∫–≤–µ–Ω–Ω–æ–µ –ø—é—Ä–µ —Å –¥–æ–±–∞–≤–ª–µ–Ω–∏–µ–º –º–æ—Ä–∫–æ–≤–∏,"üéÉ –¢—ã–∫–≤–∞ (–º—è–∫–æ—Ç—å) ‚Äî 100 –≥
ü•ï –ú–æ—Ä–∫–æ–≤—å ‚Äî 50 –≥
–í–æ–¥–∞ ‚Äî 100 –º–ª
üßÇ –°–æ–ª—å ‚Äî –ø–æ –≤–∫—É—Å—É
üßà –û–ª–∏–≤–∫–æ–≤–æ–µ –º–∞—Å–ª–æ ‚Äî 1 —á. –ª. (–ø–æ –∂–µ–ª–∞–Ω–∏—é)","–û—á–∏—Å—Ç–∏—Ç–µ —Ç—ã–∫–≤—É –∏ –º–æ—Ä–∫–æ–≤—å.
–ù–∞—Ä–µ–∂—å—Ç–µ —Ç—ã–∫–≤—É –∏ –º–æ—Ä–∫–æ–≤—å –∫—É–±–∏–∫–∞–º–∏ –∏–ª–∏ –ª–æ–º—Ç—è–º–∏ –¥–ª—è —É–¥–æ–±—Å—Ç–≤–∞ –≤–∞—Ä–∫–∏.
–í –∫–∞—Å—Ç—Ä—é–ª–µ –¥–æ–≤–µ–¥–∏—Ç–µ –≤–æ–¥—É –¥–æ –∫–∏–ø–µ–Ω–∏—è.
–î–æ–±–∞–≤—å—Ç–µ –Ω–∞—Ä–µ–∑–∞–Ω–Ω—ã–µ —Ç—ã–∫–≤—É –∏ –º–æ—Ä–∫–æ–≤—å. –í–∞—Ä–∏—Ç–µ –Ω–∞ —Å—Ä–µ–¥–Ω–µ–º –æ–≥–Ω–µ –¥–æ –º—è–≥–∫–æ—Å—Ç–∏, –ø—Ä–∏–º–µ—Ä–Ω–æ 15‚Äì20 –º–∏–Ω—É—Ç.
–°–ª–µ–π—Ç–µ –∏–∑ –∫–∞—Å—Ç—Ä—é–ª–∏ –ª–∏—à–Ω—é—é –≤–æ–¥—É (–æ—Å—Ç–∞–≤—å—Ç–µ –Ω–µ–º–Ω–æ–≥–æ –¥–ª—è –∫–æ–Ω—Å–∏—Å—Ç–µ–Ω—Ü–∏–∏, –µ—Å–ª–∏ –Ω—É–∂–Ω–æ).
–° –ø–æ–º–æ—â—å—é –±–ª–µ–Ω–¥–µ—Ä–∞ –∏–ª–∏ –≤—Ä—É—á–Ω—É—é –ø—Ä–µ–≤—Ä–∞—Ç–∏—Ç–µ —Ç—ã–∫–≤—É –∏ –º–æ—Ä–∫–æ–≤—å –≤ –ø—é—Ä–µ –¥–æ –æ–¥–Ω–æ—Ä–æ–¥–Ω–æ–π –∫–æ–Ω—Å–∏—Å—Ç–µ–Ω—Ü–∏–∏.
–î–æ–±–∞–≤—å—Ç–µ —Å–æ–ª—å –ø–æ –≤–∫—É—Å—É –∏ –æ–ª–∏–≤–∫–æ–≤–æ–µ –º–∞—Å–ª–æ (–ø–æ –∂–µ–ª–∞–Ω–∏—é).
–¢—â–∞—Ç–µ–ª—å–Ω–æ –ø–µ—Ä–µ–º–µ—à–∞–π—Ç–µ.
–ü–æ–¥–∞–≤–∞–π—Ç–µ –ø—é—Ä–µ —Ç–µ–ø–ª—ã–º, —É–∫—Ä–∞—Å–∏–≤ –ø–æ –∂–µ–ª–∞–Ω–∏—é —Å–≤–µ–∂–µ–π –∑–µ–ª–µ–Ω—å—é.",–≥–∞—Ä–Ω–∏—Ä—ã,—Ç—ã–∫–≤–∞,–≥–∞—Ä–Ω–∏—Ä—ã
39,"–¢—ã–∫–≤–∞, –∑–∞–ø–µ—á—ë–Ω–Ω–∞—è —Å —Ä–æ–∑–º–∞—Ä–∏–Ω–æ–º","üéÉ –¢—ã–∫–≤–∞ (–º—è–∫–æ—Ç—å) ‚Äî 200 –≥
–°–≤–µ–∂–∏–π —Ä–æ–∑–º–∞—Ä–∏–Ω ‚Äî 1 –≤–µ—Ç–æ—á–∫–∞ (–∏–ª–∏ —Å—É—à—ë–Ω—ã–π —Ä–æ–∑–º–∞—Ä–∏–Ω ‚Äî 0,5 —á. –ª.)
üßà –û–ª–∏–≤–∫–æ–≤–æ–µ –º–∞—Å–ª–æ ‚Äî 1 —á. –ª.
üßÇ –°–æ–ª—å ‚Äî –ø–æ –≤–∫—É—Å—É","–û—á–∏—Å—Ç–∏—Ç–µ —Ç—ã–∫–≤—É –∏ –Ω–∞—Ä–µ–∂—å—Ç–µ –µ—ë –Ω–∞ –∫—É–±–∏–∫–∏ –∏–ª–∏ –ª–æ–º—Ç–∏–∫–∏ —Ç–æ–ª—â–∏–Ω–æ–π –æ–∫–æ–ª–æ 2‚Äì3 —Å–º.
–í—ã–ª–æ–∂–∏—Ç–µ —Ç—ã–∫–≤—É –≤ –º–∏—Å–∫—É, –¥–æ–±–∞–≤—å—Ç–µ –æ–ª–∏–≤–∫–æ–≤–æ–µ –º–∞—Å–ª–æ –∏ –ø–æ—Å–æ–ª–∏—Ç–µ.
–ú–µ–ª–∫–æ –Ω–∞—Ä–µ–∂—å—Ç–µ —Ä–æ–∑–º–∞—Ä–∏–Ω (–µ—Å–ª–∏ –∏—Å–ø–æ–ª—å–∑—É–µ—Ç–µ —Å–≤–µ–∂–∏–π) –∏ –¥–æ–±–∞–≤—å—Ç–µ –∫ —Ç—ã–∫–≤–µ, —Ç—â–∞—Ç–µ–ª—å–Ω–æ –ø–µ—Ä–µ–º–µ—à–∞–π—Ç–µ, —á—Ç–æ–±—ã –∫–∞–∂–¥—ã–π –∫—É—Å–æ—á–µ–∫ –±—ã–ª –ø–æ–∫—Ä—ã—Ç –º–∞—Å–ª–æ–º –∏ —Ä–æ–∑–º–∞—Ä–∏–Ω–æ–º.
–†–∞–∑–æ–≥—Ä–µ–π—Ç–µ –¥—É—Ö–æ–≤–∫—É –¥–æ 200 ¬∞C.
–í—ã–ª–æ–∂–∏—Ç–µ —Ç—ã–∫–≤—É –Ω–∞ –ø—Ä–æ—Ç–∏–≤–µ–Ω—å, –∑–∞—Å—Ç–µ–ª–µ–Ω–Ω—ã–π –ø–µ—Ä–≥–∞–º–µ–Ω—Ç–Ω–æ–π –±—É–º–∞–≥–æ–π, –≤ –æ–¥–∏–Ω —Å–ª–æ–π.
–ó–∞–ø–µ–∫–∞–π—Ç–µ 20‚Äì25 –º–∏–Ω—É—Ç, –ø–æ–∫–∞ —Ç—ã–∫–≤–∞ –Ω–µ —Å—Ç–∞–Ω–µ—Ç –º—è–≥–∫–æ–π –∏ —Å–ª–µ–≥–∫–∞ –∑–æ–ª–æ—Ç–∏—Å—Ç–æ–π. –ü—Ä–∏ –Ω–µ–æ–±—Ö–æ–¥–∏–º–æ—Å—Ç–∏ –ø–µ—Ä–µ–º–µ—à–∞–π—Ç–µ –∫—É—Å–æ—á–∫–∏ –Ω–∞ —Å–µ—Ä–µ–¥–∏–Ω–µ –ø—Ä–∏–≥–æ—Ç–æ–≤–ª–µ–Ω–∏—è –¥–ª—è —Ä–∞–≤–Ω–æ–º–µ—Ä–Ω–æ–≥–æ –∑–∞–ø–µ–∫–∞–Ω–∏—è.
–ü–æ–¥–∞–≤–∞–π—Ç–µ —Ç—ë–ø–ª–æ–π, –º–æ–∂–Ω–æ —É–∫—Ä–∞—Å–∏—Ç—å —Å–≤–µ–∂–∏–º–∏ –≤–µ—Ç–æ—á–∫–∞–º–∏ —Ä–æ–∑–º–∞—Ä–∏–Ω–∞ –¥–ª—è –∞—Ä–æ–º–∞—Ç–∞.",–≥–∞—Ä–Ω–∏—Ä—ã,—Ç—ã–∫–≤–∞,–≥–∞—Ä–Ω–∏—Ä—ã
40,"–¢—ã–∫–≤–∞, –∑–∞–ø–µ—á—ë–Ω–Ω–∞—è —Å –ø–∞–ø—Ä–∏–∫–æ–π","üéÉ –¢—ã–∫–≤–∞ (–º—è–∫–æ—Ç—å) ‚Äî 150 –≥
–ü–∞–ø—Ä–∏–∫–∞ –º–æ–ª–æ—Ç–∞—è ‚Äî 1/2 —á. –ª.
üßà –û–ª–∏–≤–∫–æ–≤–æ–µ –º–∞—Å–ª–æ ‚Äî 1 —á. –ª.
üßÇ –°–æ–ª—å ‚Äî –ø–æ –≤–∫—É—Å—É
üåø –°–≤–µ–∂–∞—è –∑–µ–ª–µ–Ω—å (–ø–µ—Ç—Ä—É—à–∫–∞ –∏–ª–∏ —É–∫—Ä–æ–ø) ‚Äî –¥–ª—è —É–∫—Ä–∞—à–µ–Ω–∏—è","–û—á–∏—Å—Ç–∏—Ç–µ —Ç—ã–∫–≤—É –∏ –Ω–∞—Ä–µ–∂—å—Ç–µ –µ—ë –∫—É–±–∏–∫–∞–º–∏ –ø—Ä–∏–º–µ—Ä–Ω–æ 2 —Å–º.
–í –º–∏—Å–∫–µ —Å–º–µ—à–∞–π—Ç–µ –Ω–∞—Ä–µ–∑–∞–Ω–Ω—É—é —Ç—ã–∫–≤—É —Å –æ–ª–∏–≤–∫–æ–≤—ã–º –º–∞—Å–ª–æ–º, –ø–∞–ø—Ä–∏–∫–æ–π –∏ —Å–æ–ª—å—é. –ü–µ—Ä–µ–º–µ—à–∞–π—Ç–µ, —á—Ç–æ–±—ã —Å–ø–µ—Ü–∏–∏ —Ä–∞–≤–Ω–æ–º–µ—Ä–Ω–æ —Ä–∞—Å–ø—Ä–µ–¥–µ–ª–∏–ª–∏—Å—å –ø–æ –∫—É—Å–æ—á–∫–∞–º —Ç—ã–∫–≤—ã.
–†–∞–∑–æ–≥—Ä–µ–π—Ç–µ –¥—É—Ö–æ–≤–∫—É –¥–æ 180¬∞C.
–í—ã–ª–æ–∂–∏—Ç–µ —Ç—ã–∫–≤—É –≤ –æ–¥–∏–Ω —Å–ª–æ–π –Ω–∞ –ø—Ä–æ—Ç–∏–≤–µ–Ω—å, –∑–∞—Å—Ç–µ–ª–µ–Ω–Ω—ã–π –ø–µ—Ä–≥–∞–º–µ–Ω—Ç–æ–º.
–ó–∞–ø–µ–∫–∞–π—Ç–µ –æ–∫–æ–ª–æ 20‚Äì25 –º–∏–Ω—É—Ç, –ø–æ–∫–∞ —Ç—ã–∫–≤–∞ –Ω–µ —Å—Ç–∞–Ω–µ—Ç –º—è–≥–∫–æ–π –∏ —Å–ª–µ–≥–∫–∞ –ø–æ–¥—Ä—É–º—è–Ω–∏—Ç—Å—è. –ü—Ä–æ–≤–µ—Ä—è–π—Ç–µ –≥–æ—Ç–æ–≤–Ω–æ—Å—Ç—å –≤–∏–ª–∫–æ–π ‚Äî —Ç—ã–∫–≤–∞ –¥–æ–ª–∂–Ω–∞ –±—ã—Ç—å –º—è–≥–∫–æ–π.
–ü–æ–¥–∞–≤–∞–π—Ç–µ –∑–∞–ø–µ—á—ë–Ω–Ω—É—é —Ç—ã–∫–≤—É –≥–æ—Ä—è—á–µ–π, –ø–æ—Å—ã–ø–∞–≤ —Å–≤–µ–∂–µ–π –∑–µ–ª–µ–Ω—å—é –¥–ª—è –∞—Ä–æ–º–∞—Ç–∞ –∏ —É–∫—Ä–∞—à–µ–Ω–∏—è.",–≥–∞—Ä–Ω–∏—Ä—ã,—Ç—ã–∫–≤–∞,–≥–∞—Ä–Ω–∏—Ä—ã
41,"–¢—ã–∫–≤–∞, –∑–∞–ø–µ—á—ë–Ω–Ω–∞—è —Å —á–µ—Å–Ω–æ—á–Ω—ã–º –∞—Ä–æ–º–∞—Ç–æ–º","üéÉ –¢—ã–∫–≤–∞ (–º—è–∫–æ—Ç—å) ‚Äî 150 –≥
üßÑ –ß–µ—Å–Ω–æ–∫ ‚Äî 1 –∑—É–±—á–∏–∫
üßà –û–ª–∏–≤–∫–æ–≤–æ–µ –º–∞—Å–ª–æ ‚Äî 1 —á. –ª.
üßÇ –°–æ–ª—å ‚Äî –ø–æ –≤–∫—É—Å—É
üåø –°–≤–µ–∂–∞—è –∑–µ–ª–µ–Ω—å (–ø–µ—Ç—Ä—É—à–∫–∞ –∏–ª–∏ —É–∫—Ä–æ–ø) ‚Äî –¥–ª—è —É–∫—Ä–∞—à–µ–Ω–∏—è","–û—á–∏—Å—Ç–∏—Ç–µ —Ç—ã–∫–≤—É –∏ –Ω–∞—Ä–µ–∂—å—Ç–µ –µ—ë –∫—É–±–∏–∫–∞–º–∏ —Ä–∞–∑–º–µ—Ä–æ–º –ø—Ä–∏–º–µ—Ä–Ω–æ 2 —Å–º.
–ß–µ—Å–Ω–æ–∫ —Ä–∞–∑–¥–∞–≤–∏—Ç–µ –ø–ª–æ—Å–∫–æ–π —Å—Ç–æ—Ä–æ–Ω–æ–π –Ω–æ–∂–∞ –∏ –º–µ–ª–∫–æ –Ω–∞—Ä–µ–∂—å—Ç–µ –∏–ª–∏ –ø—Ä–æ–ø—É—Å—Ç–∏—Ç–µ —á–µ—Ä–µ–∑ –ø—Ä–µ—Å—Å.
–°–º–µ—à–∞–π—Ç–µ —á–µ—Å–Ω–æ–∫ —Å –æ–ª–∏–≤–∫–æ–≤—ã–º –º–∞—Å–ª–æ–º –∏ –æ—Å—Ç–∞–≤—å—Ç–µ –Ω–∞ 5 –º–∏–Ω—É—Ç, —á—Ç–æ–±—ã –º–∞—Å–ª–æ –ø—Ä–æ–ø–∏—Ç–∞–ª–æ—Å—å —á–µ—Å–Ω–æ—á–Ω—ã–º –∞—Ä–æ–º–∞—Ç–æ–º.
–í—ã–ª–æ–∂–∏—Ç–µ —Ç—ã–∫–≤—É –≤ –º–∏—Å–∫—É –∏ –ø–æ–ª–µ–π—Ç–µ –µ—ë —á–µ—Å–Ω–æ—á–Ω—ã–º –º–∞—Å–ª–æ–º. –î–æ–±–∞–≤—å—Ç–µ —Å–æ–ª—å –∏ –ø–µ—Ä–µ–º–µ—à–∞–π—Ç–µ, —á—Ç–æ–±—ã –∫—É—Å–æ—á–∫–∏ —Ç—ã–∫–≤—ã –ø–æ–∫—Ä—ã–ª–∏—Å—å –∞—Ä–æ–º–∞—Ç–Ω—ã–º –º–∞—Å–ª–æ–º.
–†–∞–∑–æ–≥—Ä–µ–π—Ç–µ –¥—É—Ö–æ–≤–∫—É –¥–æ 180¬∞C.
–í—ã–ª–æ–∂–∏—Ç–µ —Ç—ã–∫–≤—É –≤ –æ–¥–∏–Ω —Å–ª–æ–π –Ω–∞ –ø—Ä–æ—Ç–∏–≤–µ–Ω—å, –∑–∞—Å—Ç–µ–ª–µ–Ω–Ω—ã–π –ø–µ—Ä–≥–∞–º–µ–Ω—Ç–æ–º.
–ó–∞–ø–µ–∫–∞–π—Ç–µ –ø—Ä–∏–º–µ—Ä–Ω–æ 20‚Äì25 –º–∏–Ω—É—Ç, –ø–æ–∫–∞ —Ç—ã–∫–≤–∞ –Ω–µ —Å—Ç–∞–Ω–µ—Ç –º—è–≥–∫–æ–π –∏ —Å–ª–µ–≥–∫–∞ –∑–æ–ª–æ—Ç–∏—Å—Ç–æ–π.
–ü–æ–¥–∞–≤–∞–π—Ç–µ –∑–∞–ø–µ—á—ë–Ω–Ω—É—é —Ç—ã–∫–≤—É –≥–æ—Ä—è—á–µ–π, –ø–æ—Å—ã–ø–∞–≤ —Å–≤–µ–∂–µ–π –∑–µ–ª–µ–Ω—å—é –¥–ª—è –∞—Ä–æ–º–∞—Ç–∞ –∏ —É–∫—Ä–∞—à–µ–Ω–∏—è.",–≥–∞—Ä–Ω–∏—Ä—ã,—Ç—ã–∫–≤–∞,–≥–∞—Ä–Ω–∏—Ä—ã
42,"–¢—ã–∫–≤–∞, —Ç—É—à—ë–Ω–∞—è —Å –º–æ—Ä–∫–æ–≤—å—é","üéÉ –¢—ã–∫–≤–∞ (–º—è–∫–æ—Ç—å) ‚Äî 150 –≥
ü•ï –ú–æ—Ä–∫–æ–≤—å ‚Äî 1 —Å—Ä–µ–¥–Ω—è—è (–æ–∫–æ–ª–æ 100 –≥)
–í–æ–¥–∞ ‚Äî 50 –º–ª
üßà –û–ª–∏–≤–∫–æ–≤–æ–µ –º–∞—Å–ª–æ ‚Äî 1 —á. –ª.
üßÇ –°–æ–ª—å ‚Äî –ø–æ –≤–∫—É—Å—É
üåø –°–≤–µ–∂–µ–µ –∑–µ–ª–µ–Ω—å (–ø–µ—Ç—Ä—É—à–∫–∞ –∏–ª–∏ —É–∫—Ä–æ–ø) ‚Äî –¥–ª—è —É–∫—Ä–∞—à–µ–Ω–∏—è","–û—á–∏—Å—Ç–∏—Ç–µ —Ç—ã–∫–≤—É –∏ –Ω–∞—Ä–µ–∂—å—Ç–µ –µ—ë –Ω–µ–±–æ–ª—å—à–∏–º–∏ –∫—É–±–∏–∫–∞–º–∏.
–ú–æ—Ä–∫–æ–≤—å –æ—á–∏—Å—Ç–∏—Ç–µ –∏ –Ω–∞—Ä–µ–∂—å—Ç–µ –∫—Ä—É–∂–æ—á–∫–∞–º–∏ –∏–ª–∏ –Ω–µ–±–æ–ª—å—à–∏–º–∏ –∫—É–±–∏–∫–∞–º–∏.
–ù–∞–≥—Ä–µ–π—Ç–µ –æ–ª–∏–≤–∫–æ–≤–æ–µ –º–∞—Å–ª–æ –≤ –Ω–µ–±–æ–ª—å—à–æ–π –∫–∞—Å—Ç—Ä—é–ª–µ –Ω–∞ —Å—Ä–µ–¥–Ω–µ–º –æ–≥–Ω–µ.
–î–æ–±–∞–≤—å—Ç–µ –º–æ—Ä–∫–æ–≤—å –∏ –≥–æ—Ç–æ–≤—å—Ç–µ 2‚Äì3 –º–∏–Ω—É—Ç—ã, –ø–µ—Ä–∏–æ–¥–∏—á–µ—Å–∫–∏ –ø–æ–º–µ—à–∏–≤–∞—è, —á—Ç–æ–±—ã –æ–Ω–∞ —Å–ª–µ–≥–∫–∞ —Ä–∞–∑–º—è–≥—á–∏–ª–∞—Å—å.
–ó–∞—Ç–µ–º –¥–æ–±–∞–≤—å—Ç–µ —Ç—ã–∫–≤—É, –ø–µ—Ä–µ–º–µ—à–∞–π—Ç–µ –∏ –¥–æ–±–∞–≤—å—Ç–µ –≤–æ–¥—É. –ü–æ—Å–æ–ª–∏—Ç–µ –ø–æ –≤–∫—É—Å—É.
–£–º–µ–Ω—å—à–∏—Ç–µ –æ–≥–æ–Ω—å, –Ω–∞–∫—Ä–æ–π—Ç–µ –∫—Ä—ã—à–∫–æ–π –∏ —Ç—É—à–∏—Ç–µ 10‚Äì15 –º–∏–Ω—É—Ç, –ø–æ–∫–∞ —Ç—ã–∫–≤–∞ –∏ –º–æ—Ä–∫–æ–≤—å –Ω–µ —Å—Ç–∞–Ω—É—Ç –º—è–≥–∫–∏–º–∏, –Ω–æ —Å–æ—Ö—Ä–∞–Ω—è—Ç —Ñ–æ—Ä–º—É. –ï—Å–ª–∏ –≤–æ–¥–∞ –∏—Å–ø–∞—Ä–∏—Ç—Å—è —Å–ª–∏—à–∫–æ–º –±—ã—Å—Ç—Ä–æ, –º–æ–∂–Ω–æ –¥–æ–±–∞–≤–∏—Ç—å –µ—â–µ –Ω–µ–º–Ω–æ–≥–æ.
–ü–æ–¥–∞–≤–∞–π—Ç–µ –≥–æ—Ä—è—á–∏–º, —É–∫—Ä–∞—Å–∏–≤ —Å–≤–µ–∂–µ–π –∑–µ–ª–µ–Ω—å—é.",–≥–∞—Ä–Ω–∏—Ä—ã,—Ç—ã–∫–≤–∞,–≥–∞—Ä–Ω–∏—Ä—ã
43,"–¢—ã–∫–≤–∞, —Ç—É—à—ë–Ω–∞—è —Å –ª—É–∫–æ–º-–ø–æ—Ä–µ–µ–º","üéÉ –¢—ã–∫–≤–∞ (–º—è–∫–æ—Ç—å) ‚Äî 100 –≥
üßÖ –õ—É–∫-–ø–æ—Ä–µ–π ‚Äî 1/2 —Å—Ç–µ–±–ª—è (–æ–∫–æ–ª–æ 50 –≥)
üßà –û–ª–∏–≤–∫–æ–≤–æ–µ –º–∞—Å–ª–æ ‚Äî 1 —á. –ª.
–í–æ–¥–∞ ‚Äî 50 –º–ª
üßÇ –°–æ–ª—å ‚Äî –ø–æ –≤–∫—É—Å—É
üå∂Ô∏è –ß–µ—Ä–Ω—ã–π –ø–µ—Ä–µ—Ü ‚Äî –ø–æ –≤–∫—É—Å—É (–ø–æ –∂–µ–ª–∞–Ω–∏—é)","–û—á–∏—Å—Ç–∏—Ç–µ —Ç—ã–∫–≤—É –∏ –Ω–∞—Ä–µ–∂—å—Ç–µ –µ—ë –Ω–∞ –Ω–µ–±–æ–ª—å—à–∏–µ –∫—É–±–∏–∫–∏ –∏–ª–∏ –ª–æ–º—Ç–∏–∫–∏.
–õ—É–∫-–ø–æ—Ä–µ–π –ø—Ä–æ–º–æ–π—Ç–µ –∏ –Ω–∞—Ä–µ–∂—å—Ç–µ —Ç–æ–Ω–∫–∏–º–∏ –∫–æ–ª—å—Ü–∞–º–∏, –æ—Ç–±—Ä–æ—Å—å—Ç–µ —Ç–≤–µ—Ä–¥—ã–µ –∑–µ–ª–µ–Ω—ã–µ —á–∞—Å—Ç–∏.
–†–∞–∑–æ–≥—Ä–µ–π—Ç–µ –æ–ª–∏–≤–∫–æ–≤–æ–µ –º–∞—Å–ª–æ –≤ —Å–∫–æ–≤–æ—Ä–æ–¥–µ –Ω–∞ —Å—Ä–µ–¥–Ω–µ–º –æ–≥–Ω–µ.
–î–æ–±–∞–≤—å—Ç–µ –ª—É–∫-–ø–æ—Ä–µ–π –∏ —Ç—É—à–∏—Ç–µ –µ–≥–æ –¥–æ –º—è–≥–∫–æ—Å—Ç–∏, –æ–∫–æ–ª–æ 5 –º–∏–Ω—É—Ç.
–î–æ–±–∞–≤—å—Ç–µ –Ω–∞—Ä–µ–∑–∞–Ω–Ω—É—é —Ç—ã–∫–≤—É, —Ö–æ—Ä–æ—à–æ –ø–µ—Ä–µ–º–µ—à–∞–π—Ç–µ.
–î–æ–±–∞–≤—å—Ç–µ –Ω–µ–º–Ω–æ–≥–æ –≤–æ–¥—ã (50 –º–ª) –∏ –Ω–∞–∫—Ä–æ–π—Ç–µ —Å–∫–æ–≤–æ—Ä–æ–¥—É –∫—Ä—ã—à–∫–æ–π.
–¢—É—à–∏—Ç–µ –æ–≤–æ—â–∏ –Ω–∞ –º–µ–¥–ª–µ–Ω–Ω–æ–º –æ–≥–Ω–µ –¥–æ —Ç–µ—Ö –ø–æ—Ä, –ø–æ–∫–∞ —Ç—ã–∫–≤–∞ –Ω–µ —Å—Ç–∞–Ω–µ—Ç –º—è–≥–∫–æ–π, –æ–∫–æ–ª–æ 15-20 –º–∏–Ω—É—Ç.
–ü–æ—Å–æ–ª–∏—Ç–µ –ø–æ –≤–∫—É—Å—É –∏ –¥–æ–±–∞–≤—å—Ç–µ —á–µ—Ä–Ω—ã–π –ø–µ—Ä–µ—Ü (–ø–æ –∂–µ–ª–∞–Ω–∏—é).
–¢—â–∞—Ç–µ–ª—å–Ω–æ –ø–µ—Ä–µ–º–µ—à–∞–π—Ç–µ.
–ü–æ–¥–∞–≤–∞–π—Ç–µ —Ç—ã–∫–≤—É, —Ç—É—à–µ–Ω—É—é —Å –ª—É–∫–æ–º-–ø–æ—Ä–µ–µ–º, —Ç–µ–ø–ª–æ–π, –∫–∞–∫ –≥–∞—Ä–Ω–∏—Ä –∏–ª–∏ —Å–∞–º–æ—Å—Ç–æ—è—Ç–µ–ª—å–Ω–æ–µ –±–ª—é–¥–æ.",–≥–∞—Ä–Ω–∏—Ä—ã,—Ç—ã–∫–≤–∞,–≥–∞—Ä–Ω–∏—Ä—ã
44,–°–∞–ª–∞—Ç —Å —Ç—ã–∫–≤–æ–π –∏ –±—Ä–æ–∫–∫–æ–ª–∏,"üéÉ –¢—ã–∫–≤–∞ (–º—è–∫–æ—Ç—å) ‚Äî 100 –≥
ü•¶ –ë—Ä–æ–∫–∫–æ–ª–∏ ‚Äî 100 –≥
–õ–∏—Å—Ç—å—è —à–ø–∏–Ω–∞—Ç–∞ ‚Äî –≥–æ—Ä—Å—Ç—å (–æ–∫–æ–ª–æ 20 –≥)
üßà –û–ª–∏–≤–∫–æ–≤–æ–µ –º–∞—Å–ª–æ ‚Äî 1 —á. –ª.
–õ–∏–º–æ–Ω–Ω—ã–π —Å–æ–∫ ‚Äî 1 —á. –ª.
üßÇ –°–æ–ª—å ‚Äî –ø–æ –≤–∫—É—Å—É
–°–µ–º–µ–Ω–∞ —Ç—ã–∫–≤—ã (–ø–æ –∂–µ–ª–∞–Ω–∏—é) ‚Äî 1 —á. –ª.","–ù–∞—Ä–µ–∂—å—Ç–µ —Ç—ã–∫–≤—É –Ω–µ–±–æ–ª—å—à–∏–º–∏ –∫—É–±–∏–∫–∞–º–∏.
–û—Ç–≤–∞—Ä–∏—Ç–µ —Ç—ã–∫–≤—É –≤ –∫–∏–ø—è—â–µ–π –≤–æ–¥–µ 5‚Äì7 –º–∏–Ω—É—Ç –∏–ª–∏ –¥–æ –º—è–≥–∫–æ—Å—Ç–∏, –Ω–æ –Ω–µ –¥–æ–≤–æ–¥—è –¥–æ —Ä–∞–∑–≤–∞—Ä–∏–≤–∞–Ω–∏—è. –°–ª–µ–π—Ç–µ –≤–æ–¥—É –∏ –¥–∞–π—Ç–µ —Ç—ã–∫–≤–µ –æ—Å—Ç—ã—Ç—å.
–†–∞–∑–¥–µ–ª–∏—Ç–µ –±—Ä–æ–∫–∫–æ–ª–∏ –Ω–∞ –º–µ–ª–∫–∏–µ —Å–æ—Ü–≤–µ—Ç–∏—è.
–ë–ª–∞–Ω—à–∏—Ä—É–π—Ç–µ –±—Ä–æ–∫–∫–æ–ª–∏ –≤ –∫–∏–ø—è—â–µ–π –≤–æ–¥–µ –≤ —Ç–µ—á–µ–Ω–∏–µ 2‚Äì3 –º–∏–Ω—É—Ç, –∑–∞—Ç–µ–º —Å—Ä–∞–∑—É –æ–ø—É—Å—Ç–∏—Ç–µ –≤ —Ö–æ–ª–æ–¥–Ω—É—é –≤–æ–¥—É, —á—Ç–æ–±—ã —Å–æ—Ö—Ä–∞–Ω–∏—Ç—å —Ü–≤–µ—Ç –∏ —Ö—Ä—É—Å—Ç–∫–æ—Å—Ç—å. –ó–∞—Ç–µ–º —Å–ª–µ–π—Ç–µ –≤–æ–¥—É.
–í –≥–ª—É–±–æ–∫–æ–π –º–∏—Å–∫–µ —Å–æ–µ–¥–∏–Ω–∏—Ç–µ —Ç—ã–∫–≤—É, –±—Ä–æ–∫–∫–æ–ª–∏ –∏ –ª–∏—Å—Ç—å—è —à–ø–∏–Ω–∞—Ç–∞.
–ó–∞–ø—Ä–∞–≤—å—Ç–µ —Å–∞–ª–∞—Ç –æ–ª–∏–≤–∫–æ–≤—ã–º –º–∞—Å–ª–æ–º –∏ –ª–∏–º–æ–Ω–Ω—ã–º —Å–æ–∫–æ–º, –ø–æ—Å–æ–ª–∏—Ç–µ –ø–æ –≤–∫—É—Å—É.
–ü–æ—Å—ã–ø—å—Ç–µ —Å–∞–ª–∞—Ç —Å–µ–º–µ–Ω–∞–º–∏ —Ç—ã–∫–≤—ã (–ø–æ –∂–µ–ª–∞–Ω–∏—é) –¥–ª—è –¥–æ–±–∞–≤–ª–µ–Ω–∏—è —Ç–µ–∫—Å—Ç—É—Ä—ã –∏ –∞—Ä–æ–º–∞—Ç–∞.
–ü–æ–¥–∞–≤–∞–π—Ç–µ —Å–∞–ª–∞—Ç —Å—Ä–∞–∑—É, —á—Ç–æ–±—ã –æ–Ω –æ—Å—Ç–∞–≤–∞–ª—Å—è —Å–≤–µ–∂–∏–º –∏ —Ö—Ä—É—Å—Ç—è—â–∏–º.",—Å–∞–ª–∞—Ç,–æ–≤–æ—â–Ω–æ–π,—Å–∞–ª–∞—Ç
45,–°–≤–µ–∫–æ–ª—å–Ω—ã–π —Å–∞–ª–∞—Ç —Å —è–±–ª–æ–∫–æ–º –∏ —Å–µ–ª—å–¥–µ—Ä–µ–µ–º,"ü•î –°–≤–µ–∫–ª–∞ (–æ—Ç–≤–∞—Ä–Ω–∞—è –∏–ª–∏ –∑–∞–ø–µ—á–µ–Ω–Ω–∞—è) ‚Äî 100 –≥
üçé –Ø–±–ª–æ–∫–æ (—Å–ª–∞–¥–∫–æ–µ, –ª—É—á—à–µ –∑–µ–ª–µ–Ω–æ–≥–æ —Å–æ—Ä—Ç–∞) ‚Äî 1/2 —à—Ç.
–°—Ç–µ–±–µ–ª—å —Å–µ–ª—å–¥–µ—Ä–µ—è ‚Äî 1 —à—Ç.
üßà –û–ª–∏–≤–∫–æ–≤–æ–µ –º–∞—Å–ª–æ ‚Äî 1 —á. –ª.
–õ–∏–º–æ–Ω–Ω—ã–π —Å–æ–∫ ‚Äî 1/2 —á. –ª.
üßÇ –°–æ–ª—å ‚Äî –ø–æ –≤–∫—É—Å—É
üåø –ó–µ–ª–µ–Ω—å (–ø–µ—Ç—Ä—É—à–∫–∞ –∏–ª–∏ —É–∫—Ä–æ–ø) ‚Äî –¥–ª—è —É–∫—Ä–∞—à–µ–Ω–∏—è","–°–≤–µ–∫–ª—É –Ω–∞—Ä–µ–∂—å—Ç–µ –Ω–µ–±–æ–ª—å—à–∏–º–∏ –∫—É–±–∏–∫–∞–º–∏.
–Ø–±–ª–æ–∫–æ –æ—á–∏—Å—Ç–∏—Ç–µ –æ—Ç –∫–æ–∂—É—Ä—ã –∏ –Ω–∞—Ä–µ–∂—å—Ç–µ —Ç–æ–Ω–∫–∏–º–∏ –ª–æ–º—Ç–∏–∫–∞–º–∏ –∏–ª–∏ –∫—É–±–∏–∫–∞–º–∏, —Å–±—Ä—ã–∑–Ω–∏—Ç–µ –ª–∏–º–æ–Ω–Ω—ã–º —Å–æ–∫–æ–º, —á—Ç–æ–±—ã –æ–Ω–æ –Ω–µ –ø–æ—Ç–µ–º–Ω–µ–ª–æ.
–°—Ç–µ–±–µ–ª—å —Å–µ–ª—å–¥–µ—Ä–µ—è –Ω–∞—Ä–µ–∂—å—Ç–µ —Ç–æ–Ω–∫–∏–º–∏ –ª–æ–º—Ç–∏–∫–∞–º–∏.
–í –º–∏—Å–∫–µ —Å–º–µ—à–∞–π—Ç–µ —Å–≤–µ–∫–ª—É, —è–±–ª–æ–∫–æ –∏ —Å–µ–ª—å–¥–µ—Ä–µ–π.
–ó–∞–ø—Ä–∞–≤—å—Ç–µ —Å–∞–ª–∞—Ç –æ–ª–∏–≤–∫–æ–≤—ã–º –º–∞—Å–ª–æ–º, –ø–æ—Å–æ–ª–∏—Ç–µ –ø–æ –≤–∫—É—Å—É –∏ –∞–∫–∫—É—Ä–∞—Ç–Ω–æ –ø–µ—Ä–µ–º–µ—à–∞–π—Ç–µ.
–ü–µ—Ä–µ–ª–æ–∂–∏—Ç–µ —Å–∞–ª–∞—Ç –≤ –ø–æ—Ä—Ü–∏–æ–Ω–Ω–æ–µ –±–ª—é–¥–æ –∏ —É–∫—Ä–∞—Å—å—Ç–µ —Å–≤–µ–∂–µ–π –∑–µ–ª–µ–Ω—å—é.",—Å–∞–ª–∞—Ç,–æ–≤–æ—â–Ω–æ–π,—Å–∞–ª–∞—Ç
46,–°–∞–ª–∞—Ç —Å –∫—É—Ä–∏—Ü–µ–π –∏ –∑–µ–ª—ë–Ω—ã–º –≥–æ—Ä–æ—à–∫–æ–º,"–ö—É—Ä–∏–Ω–æ–µ —Ñ–∏–ª–µ (–æ—Ç–≤–∞—Ä–Ω–æ–µ –∏–ª–∏ –∑–∞–ø–µ—á–µ–Ω–Ω–æ–µ) ‚Äî 100 –≥
–ó–µ–ª—ë–Ω—ã–π –≥–æ—Ä–æ—à–µ–∫ (—Å–≤–µ–∂–∏–π –∏–ª–∏ –∑–∞–º–æ—Ä–æ–∂–µ–Ω–Ω—ã–π, –æ—Ç–≤–∞—Ä–Ω–æ–π) ‚Äî 50 –≥
ü•í –û–≥—É—Ä–µ—Ü —Å–≤–µ–∂–∏–π ‚Äî 1/2 —à—Ç.
–õ–∏—Å—Ç—å—è —Å–∞–ª–∞—Ç–∞ ‚Äî 2-3 —à—Ç.
üç∂ –ù–∞—Ç—É—Ä–∞–ª—å–Ω—ã–π –π–æ–≥—É—Ä—Ç (–±–µ–∑ –¥–æ–±–∞–≤–æ–∫) ‚Äî 1 —Å—Ç. –ª.
üßÇ –°–æ–ª—å ‚Äî –ø–æ –≤–∫—É—Å—É
üåø –ó–µ–ª–µ–Ω—å (–ø–µ—Ç—Ä—É—à–∫–∞ –∏–ª–∏ —É–∫—Ä–æ–ø) ‚Äî –¥–ª—è —É–∫—Ä–∞—à–µ–Ω–∏—è","–ö—É—Ä–∏–Ω–æ–µ —Ñ–∏–ª–µ –Ω–∞—Ä–µ–∂—å—Ç–µ –Ω–µ–±–æ–ª—å—à–∏–º–∏ –∫—É–±–∏–∫–∞–º–∏.
–û–≥—É—Ä–µ—Ü –Ω–∞—Ä–µ–∂—å—Ç–µ —Ç–æ–Ω–∫–∏–º–∏ –ø–æ–ª—É–∫—Ä—É–∂–∫–∞–º–∏ –∏–ª–∏ –∫—É–±–∏–∫–∞–º–∏.
–õ–∏—Å—Ç—å—è —Å–∞–ª–∞—Ç–∞ –Ω–∞—Ä–≤–∏—Ç–µ —Ä—É–∫–∞–º–∏ –Ω–∞ –Ω–µ–±–æ–ª—å—à–∏–µ –∫—É—Å–æ—á–∫–∏.
–í –º–∏—Å–∫–µ —Å–º–µ—à–∞–π—Ç–µ –∫—É—Ä–∏—Ü—É, –∑–µ–ª—ë–Ω—ã–π –≥–æ—Ä–æ—à–µ–∫, –æ–≥—É—Ä–µ—Ü –∏ –ª–∏—Å—Ç—å—è —Å–∞–ª–∞—Ç–∞.
–ó–∞–ø—Ä–∞–≤—å—Ç–µ —Å–∞–ª–∞—Ç –Ω–∞—Ç—É—Ä–∞–ª—å–Ω—ã–º –π–æ–≥—É—Ä—Ç–æ–º, –ø–æ—Å–æ–ª–∏—Ç–µ –ø–æ –≤–∫—É—Å—É –∏ –∞–∫–∫—É—Ä–∞—Ç–Ω–æ –ø–µ—Ä–µ–º–µ—à–∞–π—Ç–µ.
–ü–µ—Ä–µ–ª–æ–∂–∏—Ç–µ —Å–∞–ª–∞—Ç –Ω–∞ –ø–æ—Ä—Ü–∏–æ–Ω–Ω—É—é —Ç–∞—Ä–µ–ª–∫—É –∏ —É–∫—Ä–∞—Å—å—Ç–µ —Å–≤–µ–∂–µ–π –∑–µ–ª–µ–Ω—å—é.",—Å–∞–ª–∞—Ç,–∫—É—Ä–∏—Ü–∞,—Å–∞–ª–∞—Ç
47,–°–∞–ª–∞—Ç —Å –º–æ—Ä–∫–æ–≤—å—é –∏ —è–±–ª–æ–∫–æ–º,"ü•ï –ú–æ—Ä–∫–æ–≤—å (—Å–≤–µ–∂–∞—è) ‚Äî 1 —à—Ç. (—Å—Ä–µ–¥–Ω–µ–≥–æ —Ä–∞–∑–º–µ—Ä–∞)
üçé –Ø–±–ª–æ–∫–æ (—Å–ª–∞–¥–∫–æ–µ) ‚Äî 1/2 —à—Ç.
üç∂ –ù–∞—Ç—É—Ä–∞–ª—å–Ω—ã–π –π–æ–≥—É—Ä—Ç –∏–ª–∏ –Ω–µ–∂–∏—Ä–Ω–∞—è —Å–º–µ—Ç–∞–Ω–∞ ‚Äî 1 —Å—Ç. –ª.
üßÇ –°–æ–ª—å ‚Äî –ø–æ –≤–∫—É—Å—É
üåø –ó–µ–ª–µ–Ω—å (–ø–µ—Ç—Ä—É—à–∫–∞ –∏–ª–∏ —É–∫—Ä–æ–ø) ‚Äî –¥–ª—è —É–∫—Ä–∞—à–µ–Ω–∏—è","–ú–æ—Ä–∫–æ–≤—å –æ—á–∏—Å—Ç–∏—Ç–µ –∏ –Ω–∞—Ç—Ä–∏—Ç–µ –Ω–∞ –∫—Ä—É–ø–Ω–æ–π —Ç—ë—Ä–∫–µ.
–Ø–±–ª–æ–∫–æ —Ç–∞–∫–∂–µ –Ω–∞—Ç—Ä–∏—Ç–µ –Ω–∞ –∫—Ä—É–ø–Ω–æ–π —Ç—ë—Ä–∫–µ (–ø–æ –∂–µ–ª–∞–Ω–∏—é, –º–æ–∂–Ω–æ –æ—Å—Ç–∞–≤–∏—Ç—å –∫–æ–∂—É—Ä—É, –µ—Å–ª–∏ –æ–Ω–∞ –º—è–≥–∫–∞—è).
–°–º–µ—à–∞–π—Ç–µ —Ç—ë—Ä—Ç—ã–µ –º–æ—Ä–∫–æ–≤—å –∏ —è–±–ª–æ–∫–æ –≤ –º–∏—Å–∫–µ.
–î–æ–±–∞–≤—å—Ç–µ –Ω–∞—Ç—É—Ä–∞–ª—å–Ω—ã–π –π–æ–≥—É—Ä—Ç –∏–ª–∏ —Å–º–µ—Ç–∞–Ω—É, –ø–æ—Å–æ–ª–∏—Ç–µ –ø–æ –≤–∫—É—Å—É –∏ –∞–∫–∫—É—Ä–∞—Ç–Ω–æ –ø–µ—Ä–µ–º–µ—à–∞–π—Ç–µ.
–ü–µ—Ä–µ–ª–æ–∂–∏—Ç–µ —Å–∞–ª–∞—Ç –Ω–∞ —Ç–∞—Ä–µ–ª–∫—É –∏ —É–∫—Ä–∞—Å—å—Ç–µ –∑–µ–ª–µ–Ω—å—é.",—Å–∞–ª–∞—Ç,–æ–≤–æ—â–Ω–æ–π,—Å–∞–ª–∞—Ç
48,–°–∞–ª–∞—Ç —Å –∫–∞–±–∞—á–∫–æ–º –∏ –ø–æ–º–∏–¥–æ—Ä–∞–º–∏,"ü•í –ö–∞–±–∞—á–æ–∫ (—Å–≤–µ–∂–∏–π, –º–æ–ª–æ–¥–æ–π) ‚Äî 1/2 —à—Ç.
–ü–æ–º–∏–¥–æ—Ä—ã (—Å–ª–∞–¥–∫–∏–µ) ‚Äî 1 —à—Ç.
ü•í –û–≥—É—Ä–µ—Ü ‚Äî 1/2 —à—Ç. (–ø–æ –∂–µ–ª–∞–Ω–∏—é)
üßà –û–ª–∏–≤–∫–æ–≤–æ–µ –º–∞—Å–ª–æ ‚Äî 1 —á. –ª.
üßÇ –°–æ–ª—å ‚Äî –ø–æ –≤–∫—É—Å—É
üåø –ó–µ–ª–µ–Ω—å (–ø–µ—Ç—Ä—É—à–∫–∞, —É–∫—Ä–æ–ø) ‚Äî –¥–ª—è —É–∫—Ä–∞—à–µ–Ω–∏—è","–ö–∞–±–∞—á–æ–∫ –≤—ã–º–æ–π—Ç–µ, –Ω–∞—Ä–µ–∂—å—Ç–µ —Ç–æ–Ω–∫–∏–º–∏ –ø–æ–ª—É–∫—Ä—É–∂–∫–∞–º–∏ (–∫–æ–∂—É—Ä—É —Å –º–æ–ª–æ–¥–æ–≥–æ –∫–∞–±–∞—á–∫–∞ –º–æ–∂–Ω–æ –Ω–µ —É–¥–∞–ª—è—Ç—å).
–ü–æ–º–∏–¥–æ—Ä –≤—ã–º–æ–π—Ç–µ –∏ –Ω–∞—Ä–µ–∂—å—Ç–µ –¥–æ–ª—å–∫–∞–º–∏ –∏–ª–∏ –∫—É–±–∏–∫–∞–º–∏.
–û–≥—É—Ä–µ—Ü –Ω–∞—Ä–µ–∂—å—Ç–µ –ø–æ–ª—É–∫—Ä—É–∂–∫–∞–º–∏, –µ—Å–ª–∏ –¥–æ–±–∞–≤–ª—è–µ—Ç–µ –µ–≥–æ –≤ —Å–∞–ª–∞—Ç.
–°–º–µ—à–∞–π—Ç–µ –≤ –º–∏—Å–∫–µ –∫–∞–±–∞—á–æ–∫, –ø–æ–º–∏–¥–æ—Ä –∏ –æ–≥—É—Ä–µ—Ü (–µ—Å–ª–∏ –∏—Å–ø–æ–ª—å–∑—É–µ—Ç–µ).
–î–æ–±–∞–≤—å—Ç–µ –æ–ª–∏–≤–∫–æ–≤–æ–µ –º–∞—Å–ª–æ –∏ –Ω–µ–º–Ω–æ–≥–æ —Å–æ–ª–∏, –∞–∫–∫—É—Ä–∞—Ç–Ω–æ –ø–µ—Ä–µ–º–µ—à–∞–π—Ç–µ.
–ü–µ—Ä–µ–ª–æ–∂–∏—Ç–µ —Å–∞–ª–∞—Ç –Ω–∞ —Ç–∞—Ä–µ–ª–∫—É, —É–∫—Ä–∞—Å—å—Ç–µ –∑–µ–ª–µ–Ω—å—é –ø–µ—Ä–µ–¥ –ø–æ–¥–∞—á–µ–π.",—Å–∞–ª–∞—Ç,–æ–≤–æ—â–Ω–æ–π,—Å–∞–ª–∞—Ç
49,–°–∞–ª–∞—Ç —Å –±—Ä–æ–∫–∫–æ–ª–∏ –∏ —Ü–≤–µ—Ç–Ω–æ–π –∫–∞–ø—É—Å—Ç–æ–π,"ü•¶ –ë—Ä–æ–∫–∫–æ–ª–∏ ‚Äî 50 –≥
ü•¨ –¶–≤–µ—Ç–Ω–∞—è –∫–∞–ø—É—Å—Ç–∞ ‚Äî 50 –≥
ü•í –û–≥—É—Ä–µ—Ü ‚Äî 1 —à—Ç.
üßà –û–ª–∏–≤–∫–æ–≤–æ–µ –º–∞—Å–ª–æ ‚Äî 1 —á. –ª.
üßÇ –°–æ–ª—å ‚Äî –ø–æ –≤–∫—É—Å—É
üåø –ó–µ–ª–µ–Ω—å (–ø–µ—Ç—Ä—É—à–∫–∞, —É–∫—Ä–æ–ø) ‚Äî –¥–ª—è —É–∫—Ä–∞—à–µ–Ω–∏—è","–†–∞–∑–¥–µ–ª–∏—Ç–µ –±—Ä–æ–∫–∫–æ–ª–∏ –∏ —Ü–≤–µ—Ç–Ω—É—é –∫–∞–ø—É—Å—Ç—É –Ω–∞ –Ω–µ–±–æ–ª—å—à–∏–µ —Å–æ—Ü–≤–µ—Ç–∏—è.
–ë–ª–∞–Ω—à–∏—Ä—É–π—Ç–µ –∏—Ö –≤ –∫–∏–ø—è—â–µ–π –≤–æ–¥–µ 2‚Äì3 –º–∏–Ω—É—Ç—ã, –∑–∞—Ç–µ–º —Å—Ä–∞–∑—É –æ–ø—É—Å—Ç–∏—Ç–µ –≤ –ª–µ–¥—è–Ω—É—é –≤–æ–¥—É, —á—Ç–æ–±—ã —Å–æ—Ö—Ä–∞–Ω–∏—Ç—å —è—Ä–∫–∏–π —Ü–≤–µ—Ç –∏ —Ö—Ä—É—Å—Ç—è—â—É—é —Ç–µ–∫—Å—Ç—É—Ä—É. –ó–∞—Ç–µ–º –æ–±—Å—É—à–∏—Ç–µ.
–û–≥—É—Ä–µ—Ü –Ω–∞—Ä–µ–∂—å—Ç–µ –ø–æ–ª—É–∫—Ä—É–∂–∫–∞–º–∏.
–í –º–∏—Å–∫–µ —Å–º–µ—à–∞–π—Ç–µ –±—Ä–æ–∫–∫–æ–ª–∏, —Ü–≤–µ—Ç–Ω—É—é –∫–∞–ø—É—Å—Ç—É –∏ –æ–≥—É—Ä–µ—Ü.
–î–æ–±–∞–≤—å—Ç–µ –æ–ª–∏–≤–∫–æ–≤–æ–µ –º–∞—Å–ª–æ –∏ –Ω–µ–º–Ω–æ–≥–æ —Å–æ–ª–∏, –∞–∫–∫—É—Ä–∞—Ç–Ω–æ –ø–µ—Ä–µ–º–µ—à–∞–π—Ç–µ.
–ü–µ—Ä–µ–ª–æ–∂–∏—Ç–µ —Å–∞–ª–∞—Ç –Ω–∞ —Ç–∞—Ä–µ–ª–∫—É, —É–∫—Ä–∞—Å—å—Ç–µ —Å–≤–µ–∂–µ–π –∑–µ–ª–µ–Ω—å—é –ø–µ—Ä–µ–¥ –ø–æ–¥–∞—á–µ–π.",—Å–∞–ª–∞—Ç,–æ–≤–æ—â–Ω–æ–π,—Å–∞–ª–∞—Ç
50,–ö–∞–ø—É—Å—Ç–Ω—ã–π —Å–∞–ª–∞—Ç —Å –º–æ—Ä–∫–æ–≤—å—é –∏ —è–±–ª–æ–∫–æ–º,"ü•¨ –ë–µ–ª–æ–∫–æ—á–∞–Ω–Ω–∞—è –∫–∞–ø—É—Å—Ç–∞ ‚Äî 100 –≥
ü•ï –ú–æ—Ä–∫–æ–≤—å (—Å–≤–µ–∂–∞—è) ‚Äî 50 –≥
üçé –Ø–±–ª–æ–∫–æ (—Å–ª–∞–¥–∫–æ–µ) ‚Äî 50 –≥
üßà –û–ª–∏–≤–∫–æ–≤–æ–µ –º–∞—Å–ª–æ ‚Äî 1 —á. –ª.
–õ–∏–º–æ–Ω–Ω—ã–π —Å–æ–∫ ‚Äî 1 —á. –ª.
üßÇ –°–æ–ª—å ‚Äî –ø–æ –≤–∫—É—Å—É","–¢–æ–Ω–∫–æ –Ω–∞—à–∏–Ω–∫—É–π—Ç–µ –∫–∞–ø—É—Å—Ç—É, —Å–ª–µ–≥–∫–∞ –ø–æ—Å–æ–ª–∏—Ç–µ –∏ –ø–æ–º–Ω–∏—Ç–µ —Ä—É–∫–∞–º–∏, —á—Ç–æ–±—ã –æ–Ω–∞ —Å—Ç–∞–ª–∞ –º—è–≥—á–µ.
–û—á–∏—Å—Ç–∏—Ç–µ –º–æ—Ä–∫–æ–≤—å –∏ –Ω–∞—Ç—Ä–∏—Ç–µ –µ—ë –Ω–∞ —Å—Ä–µ–¥–Ω–µ–π –∏–ª–∏ –º–µ–ª–∫–æ–π —Ç—ë—Ä–∫–µ.
–°–ª–∞–¥–∫–æ–µ —è–±–ª–æ–∫–æ –æ—á–∏—Å—Ç–∏—Ç–µ –æ—Ç –∫–æ–∂—É—Ä—ã –∏ –Ω–∞—Ç—Ä–∏—Ç–µ –Ω–∞ –∫—Ä—É–ø–Ω–æ–π —Ç—ë—Ä–∫–µ.
–í –≥–ª—É–±–æ–∫–æ–π –º–∏—Å–∫–µ —Å–º–µ—à–∞–π—Ç–µ –∫–∞–ø—É—Å—Ç—É, –º–æ—Ä–∫–æ–≤—å –∏ —è–±–ª–æ–∫–æ.
–ü–æ–ª–µ–π—Ç–µ —Å–∞–ª–∞—Ç –æ–ª–∏–≤–∫–æ–≤—ã–º –º–∞—Å–ª–æ–º –∏ –ª–∏–º–æ–Ω–Ω—ã–º —Å–æ–∫–æ–º. –ü–µ—Ä–µ–º–µ—à–∞–π—Ç–µ.
–ü–µ—Ä–µ–ª–æ–∂–∏—Ç–µ —Å–∞–ª–∞—Ç –Ω–∞ —Ç–∞—Ä–µ–ª–∫—É –∏ –ø–æ–¥–∞–≤–∞–π—Ç–µ —Å–≤–µ–∂–∏–º.",—Å–∞–ª–∞—Ç,–æ–≤–æ—â–Ω–æ–π,—Å–∞–ª–∞—Ç
51,–°–∞–ª–∞—Ç —Å –∞–≤–æ–∫–∞–¥–æ –∏ —à–ø–∏–Ω–∞—Ç–æ–º,"ü•¨ –®–ø–∏–Ω–∞—Ç (—Å–≤–µ–∂–∏–π) ‚Äî 50 –≥
–ê–≤–æ–∫–∞–¥–æ (—Å–ø–µ–ª–æ–µ) ‚Äî 50 –≥
ü•í –û–≥—É—Ä–µ—Ü (—Å–≤–µ–∂–∏–π) ‚Äî 50 –≥
üßà –û–ª–∏–≤–∫–æ–≤–æ–µ –º–∞—Å–ª–æ ‚Äî 1 —á. –ª.
–õ–∏–º–æ–Ω–Ω—ã–π —Å–æ–∫ ‚Äî 1 —á. –ª.
–©–µ–ø–æ—Ç–∫–∞ —Å–æ–ª–∏ ‚Äî –ø–æ –≤–∫—É—Å—É","–ü—Ä–æ–º–æ–π—Ç–µ –ª–∏—Å—Ç—å—è —à–ø–∏–Ω–∞—Ç–∞ –ø–æ–¥ —Ö–æ–ª–æ–¥–Ω–æ–π –≤–æ–¥–æ–π, –æ–±—Å—É—à–∏—Ç–µ –∏ —Ä–∞–∑–æ—Ä–≤–∏—Ç–µ –∏—Ö —Ä—É–∫–∞–º–∏ –Ω–∞ –Ω–µ–±–æ–ª—å—à–∏–µ –∫—É—Å–æ—á–∫–∏, –µ—Å–ª–∏ –æ–Ω–∏ —Å–ª–∏—à–∫–æ–º –∫—Ä—É–ø–Ω—ã–µ.
–û—á–∏—Å—Ç–∏—Ç–µ –∞–≤–æ–∫–∞–¥–æ, —É–¥–∞–ª–∏—Ç–µ –∫–æ—Å—Ç–æ—á–∫—É –∏ –Ω–∞—Ä–µ–∂—å—Ç–µ –µ–≥–æ —Ç–æ–Ω–∫–∏–º–∏ –ª–æ–º—Ç–∏–∫–∞–º–∏ –∏–ª–∏ –∫—É–±–∏–∫–∞–º–∏.
–û–≥—É—Ä–µ—Ü –ø—Ä–æ–º–æ–π—Ç–µ, –ø—Ä–∏ –Ω–µ–æ–±—Ö–æ–¥–∏–º–æ—Å—Ç–∏ –æ—á–∏—Å—Ç–∏—Ç–µ –∫–æ–∂—É—Ä—É –∏ –Ω–∞—Ä–µ–∂—å—Ç–µ —Ç–æ–Ω–∫–∏–º–∏ –∫—Ä—É–∂–æ—á–∫–∞–º–∏ –∏–ª–∏ –ø–æ–ª—É–∫—Ä—É–∂–æ—á–∫–∞–º–∏.
–í –≥–ª—É–±–æ–∫–æ–π –º–∏—Å–∫–µ —Å–æ–µ–¥–∏–Ω–∏—Ç–µ —à–ø–∏–Ω–∞—Ç, –∫—É—Å–æ—á–∫–∏ –∞–≤–æ–∫–∞–¥–æ –∏ –æ–≥—É—Ä—Ü–∞.
–ü–æ–ª–µ–π—Ç–µ —Å–∞–ª–∞—Ç –æ–ª–∏–≤–∫–æ–≤—ã–º –º–∞—Å–ª–æ–º –∏ –ª–∏–º–æ–Ω–Ω—ã–º —Å–æ–∫–æ–º, –¥–æ–±–∞–≤—å—Ç–µ –Ω–µ–º–Ω–æ–≥–æ —Å–æ–ª–∏. –ê–∫–∫—É—Ä–∞—Ç–Ω–æ –ø–µ—Ä–µ–º–µ—à–∞–π—Ç–µ, —á—Ç–æ–±—ã –Ω–µ –ø–æ–≤—Ä–µ–¥–∏—Ç—å –∞–≤–æ–∫–∞–¥–æ.
–ü–µ—Ä–µ–ª–æ–∂–∏—Ç–µ —Å–∞–ª–∞—Ç –Ω–∞ —Ç–∞—Ä–µ–ª–∫—É –∏ –ø–æ–¥–∞–≤–∞–π—Ç–µ —Å—Ä–∞–∑—É, —á—Ç–æ–±—ã —Å–æ—Ö—Ä–∞–Ω–∏—Ç—å —Å–≤–µ–∂–µ—Å—Ç—å –∏–Ω–≥—Ä–µ–¥–∏–µ–Ω—Ç–æ–≤.",—Å–∞–ª–∞—Ç,–æ–≤–æ—â–Ω–æ–π,—Å–∞–ª–∞—Ç
52,–°–∞–ª–∞—Ç —Å –∫—É—Ä–∏—Ü–µ–π –∏ –∫–∞–±–∞—á–∫–∞–º–∏,"–ö—É—Ä–∏–Ω–æ–µ —Ñ–∏–ª–µ (–æ—Ç–≤–∞—Ä–Ω–æ–µ –∏–ª–∏ –ø—Ä–∏–≥–æ—Ç–æ–≤–ª–µ–Ω–Ω–æ–µ –Ω–∞ –ø–∞—Ä—É) ‚Äî 80 –≥
ü•í –ö–∞–±–∞—á–æ–∫ (–º–æ–ª–æ–¥–æ–π) ‚Äî 100 –≥
ü•í –û–≥—É—Ä–µ—Ü (—Å–≤–µ–∂–∏–π) ‚Äî 50 –≥
üßà –û–ª–∏–≤–∫–æ–≤–æ–µ –º–∞—Å–ª–æ ‚Äî 1 —á. –ª.
üåø –£–∫—Ä–æ–ø (—Å–≤–µ–∂–∏–π) ‚Äî 1 –≤–µ—Ç–æ—á–∫–∞
üßÇ –°–æ–ª—å ‚Äî –ø–æ –≤–∫—É—Å—É","–û—Ç–≤–∞—Ä–∏—Ç–µ –∫—É—Ä–∏–Ω–æ–µ —Ñ–∏–ª–µ –≤ –ø–æ–¥—Å–æ–ª–µ–Ω–Ω–æ–π –≤–æ–¥–µ –¥–æ –≥–æ—Ç–æ–≤–Ω–æ—Å—Ç–∏ (–ø—Ä–∏–º–µ—Ä–Ω–æ 20 –º–∏–Ω—É—Ç). –û—Å—Ç—É–¥–∏—Ç–µ –∏ –Ω–∞—Ä–µ–∂—å—Ç–µ –Ω–µ–±–æ–ª—å—à–∏–º–∏ –∫—É–±–∏–∫–∞–º–∏.
–ú–æ–ª–æ–¥–æ–π –∫–∞–±–∞—á–æ–∫ –≤—ã–º–æ–π—Ç–µ –∏ –Ω–∞—Ä–µ–∂—å—Ç–µ —Ç–æ–Ω–∫–∏–º–∏ –ø–æ–ª–æ—Å–∫–∞–º–∏ —Å –ø–æ–º–æ—â—å—é –æ–≤–æ—â–µ—á–∏—Å—Ç–∫–∏ –∏–ª–∏ —Ç–æ–Ω–∫–∏–º–∏ –∫—Ä—É–∂–æ—á–∫–∞–º–∏. –ü—Ä–∏ –∂–µ–ª–∞–Ω–∏–∏ –º–æ–∂–Ω–æ —Å–ª–µ–≥–∫–∞ –±–ª–∞–Ω—à–∏—Ä–æ–≤–∞—Ç—å –µ–≥–æ –≤ –∫–∏–ø—è—â–µ–π –≤–æ–¥–µ (1‚Äì2 –º–∏–Ω—É—Ç—ã) –∏ –æ—Å—Ç—É–¥–∏—Ç—å.
–û–≥—É—Ä–µ—Ü –ø—Ä–æ–º–æ–π—Ç–µ, –ø—Ä–∏ –Ω–µ–æ–±—Ö–æ–¥–∏–º–æ—Å—Ç–∏ –æ—á–∏—Å—Ç–∏—Ç–µ –æ—Ç –∫–æ–∂—É—Ä—ã –∏ –Ω–∞—Ä–µ–∂—å—Ç–µ –∫—Ä—É–∂–æ—á–∫–∞–º–∏ –∏–ª–∏ –ø–æ–ª—É–∫—Ä—É–∂–æ—á–∫–∞–º–∏.
–í –º–∏—Å–∫–µ —Å–æ–µ–¥–∏–Ω–∏—Ç–µ –∫—É—Ä–∏–Ω–æ–µ —Ñ–∏–ª–µ, –∫–∞–±–∞—á–æ–∫ –∏ –æ–≥—É—Ä–µ—Ü.
–ü–æ–ª–µ–π—Ç–µ —Å–∞–ª–∞—Ç –æ–ª–∏–≤–∫–æ–≤—ã–º –º–∞—Å–ª–æ–º, –¥–æ–±–∞–≤—å—Ç–µ –º–µ–ª–∫–æ –Ω–∞—Ä–µ–∑–∞–Ω–Ω—ã–π —É–∫—Ä–æ–ø –∏ –Ω–µ–º–Ω–æ–≥–æ —Å–æ–ª–∏. –¢—â–∞—Ç–µ–ª—å–Ω–æ –ø–µ—Ä–µ–º–µ—à–∞–π—Ç–µ.
–í—ã–ª–æ–∂–∏—Ç–µ —Å–∞–ª–∞—Ç –Ω–∞ —Ç–∞—Ä–µ–ª–∫—É –∏ –ø–æ–¥–∞–≤–∞–π—Ç–µ.",—Å–∞–ª–∞—Ç,–∫—É—Ä–∏—Ü–∞,—Å–∞–ª–∞—Ç
53,–°–∞–ª–∞—Ç —Å –∫–∞—Ä—Ç–æ—Ñ–µ–ª–µ–º –∏ —Ü–≤–µ—Ç–Ω–æ–π –∫–∞–ø—É—Å—Ç–æ–π,"ü•î –ö–∞—Ä—Ç–æ—Ñ–µ–ª—å (—Å—Ä–µ–¥–Ω–∏–π) ‚Äî 1 —à—Ç. (–æ–∫–æ–ª–æ 100 –≥)
ü•¨ –¶–≤–µ—Ç–Ω–∞—è –∫–∞–ø—É—Å—Ç–∞ ‚Äî 100 –≥
ü•í –û–≥—É—Ä–µ—Ü (—Å–≤–µ–∂–∏–π) ‚Äî 50 –≥
üßà –û–ª–∏–≤–∫–æ–≤–æ–µ –º–∞—Å–ª–æ ‚Äî 1 —á. –ª.
üåø –ü–µ—Ç—Ä—É—à–∫–∞ –∏–ª–∏ —É–∫—Ä–æ–ø (—Å–≤–µ–∂–∏–π) ‚Äî 1 –≤–µ—Ç–æ—á–∫–∞
üßÇ –°–æ–ª—å ‚Äî –ø–æ –≤–∫—É—Å—É","–ö–∞—Ä—Ç–æ—Ñ–µ–ª—å –≤—ã–º–æ–π—Ç–µ, –æ—á–∏—Å—Ç–∏—Ç–µ –∏ –æ—Ç–≤–∞—Ä–∏—Ç–µ –≤ –ø–æ–¥—Å–æ–ª–µ–Ω–Ω–æ–π –≤–æ–¥–µ –¥–æ –º—è–≥–∫–æ—Å—Ç–∏ (–æ–∫–æ–ª–æ 20 –º–∏–Ω—É—Ç). –û—Å—Ç—É–¥–∏—Ç–µ –∏ –Ω–∞—Ä–µ–∂—å—Ç–µ –∫—É–±–∏–∫–∞–º–∏.
–†–∞–∑–±–µ—Ä–∏—Ç–µ —Ü–≤–µ—Ç–Ω—É—é –∫–∞–ø—É—Å—Ç—É –Ω–∞ –Ω–µ–±–æ–ª—å—à–∏–µ —Å–æ—Ü–≤–µ—Ç–∏—è, –æ—Ç–≤–∞—Ä–∏—Ç–µ –≤ –∫–∏–ø—è—â–µ–π –ø–æ–¥—Å–æ–ª–µ–Ω–Ω–æ–π –≤–æ–¥–µ 3‚Äì5 –º–∏–Ω—É—Ç. –û—Å—Ç—É–¥–∏—Ç–µ.
–û–≥—É—Ä–µ—Ü –≤—ã–º–æ–π—Ç–µ, –ø—Ä–∏ –Ω–µ–æ–±—Ö–æ–¥–∏–º–æ—Å—Ç–∏ –æ—á–∏—Å—Ç–∏—Ç–µ –æ—Ç –∫–æ–∂—É—Ä—ã –∏ –Ω–∞—Ä–µ–∂—å—Ç–µ –∫—Ä—É–∂–æ—á–∫–∞–º–∏ –∏–ª–∏ –∫—É–±–∏–∫–∞–º–∏.
–í –º–∏—Å–∫–µ —Å–º–µ—à–∞–π—Ç–µ –∫–∞—Ä—Ç–æ—Ñ–µ–ª—å, —Ü–≤–µ—Ç–Ω—É—é –∫–∞–ø—É—Å—Ç—É –∏ –æ–≥—É—Ä–µ—Ü.
–î–æ–±–∞–≤—å—Ç–µ –æ–ª–∏–≤–∫–æ–≤–æ–µ –º–∞—Å–ª–æ, –ø–æ—Å–æ–ª–∏—Ç–µ –ø–æ –≤–∫—É—Å—É –∏ –ø–µ—Ä–µ–º–µ—à–∞–π—Ç–µ.
–ü–æ—Å—ã–ø—å—Ç–µ –º–µ–ª–∫–æ –Ω–∞—Ä–µ–∑–∞–Ω–Ω–æ–π –∑–µ–ª–µ–Ω—å—é (–ø–µ—Ç—Ä—É—à–∫–æ–π –∏–ª–∏ —É–∫—Ä–æ–ø–æ–º).
–°–∞–ª–∞—Ç –º–æ–∂–Ω–æ –ø–æ–¥–∞–≤–∞—Ç—å —Ç–µ–ø–ª—ã–º –∏–ª–∏ —Ö–æ–ª–æ–¥–Ω—ã–º, –≤ –∑–∞–≤–∏—Å–∏–º–æ—Å—Ç–∏ –æ—Ç –ø—Ä–µ–¥–ø–æ—á—Ç–µ–Ω–∏–π.",—Å–∞–ª–∞—Ç,–æ–≤–æ—â–Ω–æ–π,—Å–∞–ª–∞—Ç
54,–°–∞–ª–∞—Ç —Å —Å–µ–ª—å–¥–µ—Ä–µ–µ–º –∏ –ø–æ–º–∏–¥–æ—Ä–∞–º–∏,"üåø –°–µ–ª—å–¥–µ—Ä–µ–π (—Å—Ç–µ–±–ª–∏) ‚Äî 50 –≥ (1 –Ω–µ–±–æ–ª—å—à–æ–π —Å—Ç–µ–±–µ–ª—å)
–ü–æ–º–∏–¥–æ—Ä—ã (—Å—Ä–µ–¥–Ω–∏–µ) ‚Äî 2 —à—Ç. (–æ–∫–æ–ª–æ 150 –≥)
ü•í –û–≥—É—Ä–µ—Ü (—Å–≤–µ–∂–∏–π) ‚Äî 50 –≥
–õ–∏—Å—Ç—å—è —Å–∞–ª–∞—Ç–∞ ‚Äî 2‚Äì3 —à—Ç.
üßà –û–ª–∏–≤–∫–æ–≤–æ–µ –º–∞—Å–ª–æ ‚Äî 1 —á. –ª.
üßÇ –°–æ–ª—å ‚Äî –ø–æ –≤–∫—É—Å—É
üåø –ü–µ—Ç—Ä—É—à–∫–∞ –∏–ª–∏ –±–∞–∑–∏–ª–∏–∫ (–¥–ª—è —É–∫—Ä–∞—à–µ–Ω–∏—è) ‚Äî 1 –≤–µ—Ç–æ—á–∫–∞","–°–µ–ª—å–¥–µ—Ä–µ–π –≤—ã–º–æ–π—Ç–µ –∏ –Ω–∞—Ä–µ–∂—å—Ç–µ —Ç–æ–Ω–∫–∏–º–∏ –ª–æ–º—Ç–∏–∫–∞–º–∏.
–ü–æ–º–∏–¥–æ—Ä—ã –≤—ã–º–æ–π—Ç–µ –∏ –Ω–∞—Ä–µ–∂—å—Ç–µ –¥–æ–ª—å–∫–∞–º–∏ –∏–ª–∏ –∫—É–±–∏–∫–∞–º–∏.
–û–≥—É—Ä–µ—Ü –≤—ã–º–æ–π—Ç–µ, –ø—Ä–∏ –Ω–µ–æ–±—Ö–æ–¥–∏–º–æ—Å—Ç–∏ –æ—á–∏—Å—Ç–∏—Ç–µ –æ—Ç –∫–æ–∂—É—Ä—ã –∏ –Ω–∞—Ä–µ–∂—å—Ç–µ –∫—Ä—É–∂–æ—á–∫–∞–º–∏ –∏–ª–∏ –ø–æ–ª—É–∫—Ä—É–∂–æ—á–∫–∞–º–∏.
–õ–∏—Å—Ç—å—è —Å–∞–ª–∞—Ç–∞ –≤—ã–º–æ–π—Ç–µ, –æ–±—Å—É—à–∏—Ç–µ –∏ –∫—Ä—É–ø–Ω–æ –ø–æ—Ä–≤–∏—Ç–µ —Ä—É–∫–∞–º–∏.
–í –≥–ª—É–±–æ–∫–æ–π –º–∏—Å–∫–µ —Å–æ–µ–¥–∏–Ω–∏—Ç–µ —Å–µ–ª—å–¥–µ—Ä–µ–π, –ø–æ–º–∏–¥–æ—Ä—ã, –æ–≥—É—Ä—Ü—ã –∏ –ª–∏—Å—Ç—å—è —Å–∞–ª–∞—Ç–∞.
–î–æ–±–∞–≤—å—Ç–µ –æ–ª–∏–≤–∫–æ–≤–æ–µ –º–∞—Å–ª–æ –∏ —Å–æ–ª—å –ø–æ –≤–∫—É—Å—É. –ê–∫–∫—É—Ä–∞—Ç–Ω–æ –ø–µ—Ä–µ–º–µ—à–∞–π—Ç–µ.
–ì–æ—Ç–æ–≤—ã–π —Å–∞–ª–∞—Ç —É–∫—Ä–∞—Å—å—Ç–µ –≤–µ—Ç–æ—á–∫–æ–π –ø–µ—Ç—Ä—É—à–∫–∏ –∏–ª–∏ –ª–∏—Å—Ç–∏–∫–∞–º–∏ –±–∞–∑–∏–ª–∏–∫–∞.
–ü–æ–¥–∞–≤–∞—Ç—å –º–æ–∂–Ω–æ —Å—Ä–∞–∑—É –ø–æ—Å–ª–µ –ø—Ä–∏–≥–æ—Ç–æ–≤–ª–µ–Ω–∏—è.",—Å–∞–ª–∞—Ç,–æ–≤–æ—â–Ω–æ–π,—Å–∞–ª–∞—Ç
55,–°–∞–ª–∞—Ç —Å –º–æ—Ä–∫–æ–≤—å—é –∏ –∫–∏–≤–∏,"ü•ï –ú–æ—Ä–∫–æ–≤—å (—Å–≤–µ–∂–∞—è, —Å—Ä–µ–¥–Ω—è—è) ‚Äî 1 —à—Ç. (–æ–∫–æ–ª–æ 80 –≥)
–ö–∏–≤–∏ (—Å–ø–µ–ª—ã–π) ‚Äî 1 —à—Ç.
üç∂ –ô–æ–≥—É—Ä—Ç –Ω–∞—Ç—É—Ä–∞–ª—å–Ω—ã–π (–±–µ–∑ –¥–æ–±–∞–≤–æ–∫) ‚Äî 1 —Å—Ç. –ª.
üçØ –ú—ë–¥ (–ø–æ –∂–µ–ª–∞–Ω–∏—é) ‚Äî 0,5 —á. –ª.
–©–µ–ø–æ—Ç–∫–∞ –∫–æ—Ä–∏—Ü—ã (–ø–æ –∂–µ–ª–∞–Ω–∏—é)","–ú–æ—Ä–∫–æ–≤—å –≤—ã–º–æ–π—Ç–µ, –æ—á–∏—Å—Ç–∏—Ç–µ –∏ –Ω–∞—Ç—Ä–∏—Ç–µ –Ω–∞ –º–µ–ª–∫–æ–π –∏–ª–∏ —Å—Ä–µ–¥–Ω–µ–π —Ç—ë—Ä–∫–µ.
–ö–∏–≤–∏ –æ—á–∏—Å—Ç–∏—Ç–µ –æ—Ç –∫–æ–∂—É—Ä—ã –∏ –Ω–∞—Ä–µ–∂—å—Ç–µ –Ω–µ–±–æ–ª—å—à–∏–º–∏ –∫—É–±–∏–∫–∞–º–∏.
–í –º–∏—Å–∫–µ —Å–º–µ—à–∞–π—Ç–µ –Ω–∞—Ç—ë—Ä—Ç—É—é –º–æ—Ä–∫–æ–≤—å –∏ –∫–∏–≤–∏.
–î–æ–±–∞–≤—å—Ç–µ –π–æ–≥—É—Ä—Ç –∏, –µ—Å–ª–∏ —Ö–æ—Ç–∏—Ç–µ –ø–æ–¥—Å–ª–∞—Å—Ç–∏—Ç—å, –º—ë–¥. –ü–µ—Ä–µ–º–µ—à–∞–π—Ç–µ.
–ü—Ä–∏ –∂–µ–ª–∞–Ω–∏–∏ –¥–æ–±–∞–≤—å—Ç–µ —â–µ–ø–æ—Ç–∫—É –∫–æ—Ä–∏—Ü—ã –¥–ª—è –∞—Ä–æ–º–∞—Ç–∞.
–ü–µ—Ä–µ–ª–æ–∂–∏—Ç–µ —Å–∞–ª–∞—Ç –≤ –ø–æ—Ä—Ü–∏–æ–Ω–Ω—É—é —Ç–∞—Ä–µ–ª–∫—É –∏ —É–∫—Ä–∞—Å—å—Ç–µ –∫—É—Å–æ—á–∫–∞–º–∏ –∫–∏–≤–∏ –∏–ª–∏ –ª–∏—Å—Ç–∏–∫–æ–º –º—è—Ç—ã.",—Å–∞–ª–∞—Ç,–æ–≤–æ—â–Ω–æ–π,—Å–∞–ª–∞—Ç
56,–°–∞–ª–∞—Ç –∏–∑ —Ç—ã–∫–≤—ã —Å –∑–µ–ª—ë–Ω—ã–º –≥–æ—Ä–æ—à–∫–æ–º,"üéÉ –¢—ã–∫–≤–∞ (—Å–≤–µ–∂–∞—è) ‚Äî 100 –≥
–ó–µ–ª—ë–Ω—ã–π –≥–æ—Ä–æ—à–µ–∫ (—Å–≤–µ–∂–∏–π –∏–ª–∏ –∑–∞–º–æ—Ä–æ–∂–µ–Ω–Ω—ã–π) ‚Äî 50 –≥
üç∂ –ù–∞—Ç—É—Ä–∞–ª—å–Ω—ã–π –π–æ–≥—É—Ä—Ç (–±–µ–∑ –¥–æ–±–∞–≤–æ–∫) ‚Äî 1 —Å—Ç. –ª.
üåø –£–∫—Ä–æ–ø (—Å–≤–µ–∂–∏–π) ‚Äî 1 –≤–µ—Ç–æ—á–∫–∞
–©–µ–ø–æ—Ç–∫–∞ —Å–æ–ª–∏","–¢—ã–∫–≤—É –æ—á–∏—Å—Ç–∏—Ç–µ –æ—Ç –∫–æ–∂—É—Ä—ã –∏ —Å–µ–º—è–Ω, –Ω–∞—Ä–µ–∂—å—Ç–µ –Ω–µ–±–æ–ª—å—à–∏–º–∏ –∫—É–±–∏–∫–∞–º–∏.
–û—Ç–≤–∞—Ä–∏—Ç–µ —Ç—ã–∫–≤—É –≤ –∫–∏–ø—è—â–µ–π –≤–æ–¥–µ 5‚Äì7 –º–∏–Ω—É—Ç –¥–æ –º—è–≥–∫–æ—Å—Ç–∏, –Ω–æ –Ω–µ –ø–µ—Ä–µ–≤–∞—Ä–∏–≤–∞–π—Ç–µ, —á—Ç–æ–±—ã –æ–Ω–∞ —Å–æ—Ö—Ä–∞–Ω–∏–ª–∞ —Ñ–æ—Ä–º—É. –°–ª–µ–π—Ç–µ –≤–æ–¥—É –∏ –æ—Å—Ç—É–¥–∏—Ç–µ.
–ï—Å–ª–∏ –∏—Å–ø–æ–ª—å–∑—É–µ—Ç–µ –∑–∞–º–æ—Ä–æ–∂–µ–Ω–Ω—ã–π –≥–æ—Ä–æ—à–µ–∫, –∑–∞–ª–µ–π—Ç–µ –µ–≥–æ –∫–∏–ø—è—Ç–∫–æ–º –Ω–∞ 2‚Äì3 –º–∏–Ω—É—Ç—ã, –∑–∞—Ç–µ–º —Å–ª–µ–π—Ç–µ –≤–æ–¥—É –∏ –æ—Å—Ç—É–¥–∏—Ç–µ.
–°–≤–µ–∂–∏–π –≥–æ—Ä–æ—à–µ–∫ –º–æ–∂–Ω–æ –∏—Å–ø–æ–ª—å–∑–æ–≤–∞—Ç—å –±–µ–∑ –≤–∞—Ä–∫–∏.
–í –º–∏—Å–∫–µ —Å–æ–µ–¥–∏–Ω–∏—Ç–µ —Ç—ã–∫–≤—É –∏ –∑–µ–ª—ë–Ω—ã–π –≥–æ—Ä–æ—à–µ–∫.
–î–æ–±–∞–≤—å—Ç–µ –Ω–∞—Ç—É—Ä–∞–ª—å–Ω—ã–π –π–æ–≥—É—Ä—Ç, –º–µ–ª–∫–æ –Ω–∞—Ä–µ–∑–∞–Ω–Ω—ã–π —É–∫—Ä–æ–ø –∏ –Ω–µ–º–Ω–æ–≥–æ —Å–æ–ª–∏. –ü–µ—Ä–µ–º–µ—à–∞–π—Ç–µ.
–ü–µ—Ä–µ–ª–æ–∂–∏—Ç–µ —Å–∞–ª–∞—Ç –≤ –ø–æ—Ä—Ü–∏–æ–Ω–Ω—É—é —Ç–∞—Ä–µ–ª–∫—É. –ü—Ä–∏ –∂–µ–ª–∞–Ω–∏–∏ —É–∫—Ä–∞—Å—å—Ç–µ –≤–µ—Ç–æ—á–∫–æ–π –∑–µ–ª–µ–Ω–∏.",—Å–∞–ª–∞—Ç,–æ–≤–æ—â–Ω–æ–π,—Å–∞–ª–∞—Ç
57,–°–∞–ª–∞—Ç —Å –∫—É—Ä–∏—Ü–µ–π –∏ —à–ø–∏–Ω–∞—Ç–æ–º,"–ö—É—Ä–∏–Ω–∞—è –≥—Ä—É–¥–∫–∞ (–æ—Ç–≤–∞—Ä–Ω–∞—è –∏–ª–∏ –∑–∞–ø–µ—á—ë–Ω–Ω–∞—è) ‚Äî 80 –≥
ü•¨ –®–ø–∏–Ω–∞—Ç (—Å–≤–µ–∂–∏–µ –ª–∏—Å—Ç—å—è) ‚Äî 50 –≥
ü•í –û–≥—É—Ä–µ—Ü —Å–≤–µ–∂–∏–π ‚Äî 50 –≥
üç∂ –ù–∞—Ç—É—Ä–∞–ª—å–Ω—ã–π –π–æ–≥—É—Ä—Ç (–±–µ–∑ –¥–æ–±–∞–≤–æ–∫) ‚Äî 1 —Å—Ç. –ª.
–õ–∏–º–æ–Ω–Ω—ã–π —Å–æ–∫ ‚Äî 1 —á. –ª.
üßÇ –°–æ–ª—å ‚Äî —â–µ–ø–æ—Ç–∫–∞","–ï—Å–ª–∏ –∫—É—Ä–∏–Ω–∞—è –≥—Ä—É–¥–∫–∞ –Ω–µ –ø—Ä–∏–≥–æ—Ç–æ–≤–ª–µ–Ω–∞, –æ—Ç–≤–∞—Ä–∏—Ç–µ –µ—ë –≤ –ø–æ–¥—Å–æ–ª–µ–Ω–Ω–æ–π –≤–æ–¥–µ –∏–ª–∏ –∑–∞–ø–µ–∫–∏—Ç–µ –≤ —Ñ–æ–ª—å–≥–µ –ø—Ä–∏ 180 ¬∞C –¥–æ –≥–æ—Ç–æ–≤–Ω–æ—Å—Ç–∏ (–ø—Ä–∏–º–µ—Ä–Ω–æ 20‚Äì25 –º–∏–Ω—É—Ç). –î–∞–π—Ç–µ –æ—Å—Ç—ã—Ç—å –∏ –Ω–∞—Ä–µ–∂—å—Ç–µ —Ç–æ–Ω–∫–∏–º–∏ –ª–æ–º—Ç–∏–∫–∞–º–∏ –∏–ª–∏ –Ω–µ–±–æ–ª—å—à–∏–º–∏ –∫—É–±–∏–∫–∞–º–∏.
–õ–∏—Å—Ç—å—è —à–ø–∏–Ω–∞—Ç–∞ —Ç—â–∞—Ç–µ–ª—å–Ω–æ –ø—Ä–æ–º–æ–π—Ç–µ –ø–æ–¥ –ø—Ä–æ—Ç–æ—á–Ω–æ–π –≤–æ–¥–æ–π –∏ –æ–±—Å—É—à–∏—Ç–µ –±—É–º–∞–∂–Ω—ã–º –ø–æ–ª–æ—Ç–µ–Ω—Ü–µ–º.
–û–≥—É—Ä–µ—Ü –Ω–∞—Ä–µ–∂—å—Ç–µ —Ç–æ–Ω–∫–∏–º–∏ –∫—Ä—É–∂–æ—á–∫–∞–º–∏ –∏–ª–∏ –ø–æ–ª—É–∫—Ä—É–∂–∏—è–º–∏.
–í —Å–∞–ª–∞—Ç–Ω–æ–π –º–∏—Å–∫–µ —Å–æ–µ–¥–∏–Ω–∏—Ç–µ —à–ø–∏–Ω–∞—Ç, –∫—É—Ä–∏—Ü—É –∏ –æ–≥—É—Ä–µ—Ü.
–í –æ—Ç–¥–µ–ª—å–Ω–æ–π –º–∏—Å–∫–µ —Å–º–µ—à–∞–π—Ç–µ –Ω–∞—Ç—É—Ä–∞–ª—å–Ω—ã–π –π–æ–≥—É—Ä—Ç, –ª–∏–º–æ–Ω–Ω—ã–π —Å–æ–∫ –∏ —â–µ–ø–æ—Ç–∫—É —Å–æ–ª–∏. –ü–æ–ª–µ–π—Ç–µ —Å–∞–ª–∞—Ç –∑–∞–ø—Ä–∞–≤–∫–æ–π –∏ –∞–∫–∫—É—Ä–∞—Ç–Ω–æ –ø–µ—Ä–µ–º–µ—à–∞–π—Ç–µ.
–í—ã–ª–æ–∂–∏—Ç–µ —Å–∞–ª–∞—Ç –Ω–∞ –ø–æ—Ä—Ü–∏–æ–Ω–Ω—É—é —Ç–∞—Ä–µ–ª–∫—É. –ü—Ä–∏ –∂–µ–ª–∞–Ω–∏–∏ —É–∫—Ä–∞—Å—å—Ç–µ –ª–æ–º—Ç–∏–∫–æ–º –ª–∏–º–æ–Ω–∞ –∏–ª–∏ —Å–≤–µ–∂–µ–π –∑–µ–ª–µ–Ω—å—é.",—Å–∞–ª–∞—Ç,–∫—É—Ä–∏—Ü–∞,—Å–∞–ª–∞—Ç
58,–°–∞–ª–∞—Ç —Å –∫–∞–ø—É—Å—Ç–æ–π –∏ –æ–≥—É—Ä—Ü–æ–º,"ü•¨ –ë–µ–ª–æ–∫–æ—á–∞–Ω–Ω–∞—è –∫–∞–ø—É—Å—Ç–∞ ‚Äî 100 –≥
ü•í –û–≥—É—Ä–µ—Ü —Å–≤–µ–∂–∏–π ‚Äî 70 –≥
üåø –£–∫—Ä–æ–ø (—Å–≤–µ–∂–∏–π) ‚Äî 5 –≥
üßà –û–ª–∏–≤–∫–æ–≤–æ–µ –º–∞—Å–ª–æ (–Ω–µ—Ä–∞—Ñ–∏–Ω–∏—Ä–æ–≤–∞–Ω–Ω–æ–µ) ‚Äî 1 —á. –ª.
üßÇ –°–æ–ª—å ‚Äî —â–µ–ø–æ—Ç–∫–∞","–ö–∞–ø—É—Å—Ç—É –Ω–∞—à–∏–Ω–∫—É–π—Ç–µ —Ç–æ–Ω–∫–∏–º–∏ –ø–æ–ª–æ—Å–∫–∞–º–∏. –ü–æ–º–Ω–∏—Ç–µ –µ—ë —Ä—É–∫–∞–º–∏ —Å –Ω–µ–±–æ–ª—å—à–∏–º –∫–æ–ª–∏—á–µ—Å—Ç–≤–æ–º —Å–æ–ª–∏, —á—Ç–æ–±—ã –æ–Ω–∞ —Å—Ç–∞–ª–∞ –º—è–≥—á–µ –∏ –≤—ã–¥–µ–ª–∏–ª–∞ —Å–æ–∫.
–û–≥—É—Ä–µ—Ü –ø—Ä–æ–º–æ–π—Ç–µ –∏ –Ω–∞—Ä–µ–∂—å—Ç–µ –ø–æ–ª—É–∫—Ä—É–∂–∏—è–º–∏ –∏–ª–∏ —Ç–æ–Ω–∫–∏–º–∏ –ª–æ–º—Ç–∏–∫–∞–º–∏.
–£–∫—Ä–æ–ø –ø—Ä–æ–º–æ–π—Ç–µ, –æ–±—Å—É—à–∏—Ç–µ –∏ –º–µ–ª–∫–æ –Ω–∞—Ä–µ–∂—å—Ç–µ.
–í –º–∏—Å–∫–µ —Å–º–µ—à–∞–π—Ç–µ –∫–∞–ø—É—Å—Ç—É, –æ–≥—É—Ä–µ—Ü –∏ —É–∫—Ä–æ–ø.
–î–æ–±–∞–≤—å—Ç–µ –æ–ª–∏–≤–∫–æ–≤–æ–µ –º–∞—Å–ª–æ –∏ —Ç—â–∞—Ç–µ–ª—å–Ω–æ –ø–µ—Ä–µ–º–µ—à–∞–π—Ç–µ.
–ü–µ—Ä–µ–ª–æ–∂–∏—Ç–µ —Å–∞–ª–∞—Ç –Ω–∞ —Ç–∞—Ä–µ–ª–∫—É –∏ –ø–æ–¥–∞–≤–∞–π—Ç–µ —Å–≤–µ–∂–∏–º.",—Å–∞–ª–∞—Ç,–æ–≤–æ—â–Ω–æ–π,—Å–∞–ª–∞—Ç
59,–°–∞–ª–∞—Ç —Å —Ç—ã–∫–≤–æ–π –∏ –±–æ–ª–≥–∞—Ä—Å–∫–∏–º –ø–µ—Ä—Ü–µ–º,"üéÉ –¢—ã–∫–≤–∞ (—Å—ã—Ä–∞—è –∏–ª–∏ –∑–∞–ø–µ—á—ë–Ω–Ω–∞—è) ‚Äî 100 –≥
üå∂Ô∏è –ë–æ–ª–≥–∞—Ä—Å–∫–∏–π –ø–µ—Ä–µ—Ü (—Å–ª–∞–¥–∫–∏–π, –∫—Ä–∞—Å–Ω—ã–π –∏–ª–∏ –∂—ë–ª—Ç—ã–π) ‚Äî 80 –≥
üåø –£–∫—Ä–æ–ø –∏–ª–∏ –ø–µ—Ç—Ä—É—à–∫–∞ (—Å–≤–µ–∂–∞—è) ‚Äî 5 –≥
üßà –û–ª–∏–≤–∫–æ–≤–æ–µ –º–∞—Å–ª–æ (–Ω–µ—Ä–∞—Ñ–∏–Ω–∏—Ä–æ–≤–∞–Ω–Ω–æ–µ) ‚Äî 1 —á. –ª.
–õ–∏–º–æ–Ω–Ω—ã–π —Å–æ–∫ ‚Äî 1 —á. –ª.
üßÇ –°–æ–ª—å ‚Äî —â–µ–ø–æ—Ç–∫–∞","–ï—Å–ª–∏ –∏—Å–ø–æ–ª—å–∑—É–µ—Ç–µ —Å—ã—Ä—É—é —Ç—ã–∫–≤—É, –Ω–∞—Ä–µ–∂—å—Ç–µ –µ—ë —Ç–æ–Ω–∫–∏–º–∏ –ª–æ–º—Ç–∏–∫–∞–º–∏ –∏–ª–∏ –Ω–∞—Ç—Ä–∏—Ç–µ –Ω–∞ –∫—Ä—É–ø–Ω–æ–π —Ç—ë—Ä–∫–µ.
–ï—Å–ª–∏ –ø—Ä–µ–¥–ø–æ—á–∏—Ç–∞–µ—Ç–µ –∑–∞–ø–µ—á—ë–Ω–Ω—É—é —Ç—ã–∫–≤—É, –ø—Ä–µ–¥–≤–∞—Ä–∏—Ç–µ–ª—å–Ω–æ –Ω–∞—Ä–µ–∂—å—Ç–µ –µ—ë –∫—É–±–∏–∫–∞–º–∏ –∏ –∑–∞–ø–µ–∫–∏—Ç–µ –≤ –¥—É—Ö–æ–≤–∫–µ –ø—Ä–∏ 180¬∞C –¥–æ –º—è–≥–∫–æ—Å—Ç–∏ (–ø—Ä–∏–º–µ—Ä–Ω–æ 15‚Äì20 –º–∏–Ω—É—Ç).
–ü–µ—Ä–µ—Ü –ø—Ä–æ–º–æ–π—Ç–µ, —É–¥–∞–ª–∏—Ç–µ —Å–µ—Ä–¥—Ü–µ–≤–∏–Ω—É –∏ —Å–µ–º–µ–Ω–∞. –ù–∞—Ä–µ–∂—å—Ç–µ —Ç–æ–Ω–∫–∏–º–∏ –ø–æ–ª–æ—Å–∫–∞–º–∏ –∏–ª–∏ –Ω–µ–±–æ–ª—å—à–∏–º–∏ –∫—É–±–∏–∫–∞–º–∏.
–£–∫—Ä–æ–ø –∏–ª–∏ –ø–µ—Ç—Ä—É—à–∫—É –ø—Ä–æ–º–æ–π—Ç–µ, –æ–±—Å—É—à–∏—Ç–µ –∏ –º–µ–ª–∫–æ –Ω–∞—Ä–µ–∂—å—Ç–µ.
–°–º–µ—à–∞–π—Ç–µ —Ç—ã–∫–≤—É (—Å—ã—Ä—É—é –∏–ª–∏ –∑–∞–ø–µ—á—ë–Ω–Ω—É—é) —Å –Ω–∞—Ä–µ–∑–∞–Ω–Ω—ã–º –ø–µ—Ä—Ü–µ–º –∏ –∑–µ–ª–µ–Ω—å—é –≤ –≥–ª—É–±–æ–∫–æ–π –º–∏—Å–∫–µ.
–î–æ–±–∞–≤—å—Ç–µ –æ–ª–∏–≤–∫–æ–≤–æ–µ –º–∞—Å–ª–æ, –ª–∏–º–æ–Ω–Ω—ã–π —Å–æ–∫ –∏ –Ω–µ–º–Ω–æ–≥–æ —Å–æ–ª–∏. –ê–∫–∫—É—Ä–∞—Ç–Ω–æ –ø–µ—Ä–µ–º–µ—à–∞–π—Ç–µ.
–ü–µ—Ä–µ–ª–æ–∂–∏—Ç–µ —Å–∞–ª–∞—Ç –Ω–∞ —Ç–∞—Ä–µ–ª–∫—É –∏ –ø–æ–¥–∞–≤–∞–π—Ç–µ –∫–∞–∫ —Å–≤–µ–∂–∏–π –≥–∞—Ä–Ω–∏—Ä –∏–ª–∏ –ª—ë–≥–∫–∏–π –ø–µ—Ä–µ–∫—É—Å.",—Å–∞–ª–∞—Ç,–æ–≤–æ—â–Ω–æ–π,—Å–∞–ª–∞—Ç
60,–°–∞–ª–∞—Ç —Å –±—Ä–æ–∫–∫–æ–ª–∏ –∏ –±–æ–ª–≥–∞—Ä—Å–∫–∏–º –ø–µ—Ä—Ü–µ–º,"ü•¶ –ë—Ä–æ–∫–∫–æ–ª–∏ (—Å–≤–µ–∂–∞—è –∏–ª–∏ –∑–∞–º–æ—Ä–æ–∂–µ–Ω–Ω–∞—è) ‚Äî 100 –≥
üå∂Ô∏è –ë–æ–ª–≥–∞—Ä—Å–∫–∏–π –ø–µ—Ä–µ—Ü (–∫—Ä–∞—Å–Ω—ã–π, –∂—ë–ª—Ç—ã–π –∏–ª–∏ –∑–µ–ª—ë–Ω—ã–π) ‚Äî 80 –≥
–õ–∏–º–æ–Ω–Ω—ã–π —Å–æ–∫ ‚Äî 1 —á. –ª.
üßà –û–ª–∏–≤–∫–æ–≤–æ–µ –º–∞—Å–ª–æ (–Ω–µ—Ä–∞—Ñ–∏–Ω–∏—Ä–æ–≤–∞–Ω–Ω–æ–µ) ‚Äî 1 —á. –ª.
üßÇ –°–æ–ª—å ‚Äî —â–µ–ø–æ—Ç–∫–∞
üåø –ü–µ—Ç—Ä—É—à–∫–∞ –∏–ª–∏ —É–∫—Ä–æ–ø (–ø–æ –∂–µ–ª–∞–Ω–∏—é) ‚Äî 5 –≥","–†–∞–∑–¥–µ–ª–∏—Ç–µ –±—Ä–æ–∫–∫–æ–ª–∏ –Ω–∞ –º–µ–ª–∫–∏–µ —Å–æ—Ü–≤–µ—Ç–∏—è.
–û—Ç–≤–∞—Ä–∏—Ç–µ –≤ –∫–∏–ø—è—â–µ–π –ø–æ–¥—Å–æ–ª–µ–Ω–Ω–æ–π –≤–æ–¥–µ 3‚Äì4 –º–∏–Ω—É—Ç—ã –∏–ª–∏ –ø—Ä–∏–≥–æ—Ç–æ–≤—å—Ç–µ –Ω–∞ –ø–∞—Ä—É, —á—Ç–æ–±—ã —Å–æ—Ö—Ä–∞–Ω–∏—Ç—å –ª—ë–≥–∫—É—é —Ö—Ä—É—Å—Ç–∫–æ—Å—Ç—å. –ó–∞—Ç–µ–º –±—ã—Å—Ç—Ä–æ –æ—Ö–ª–∞–¥–∏—Ç–µ –≤ —Ö–æ–ª–æ–¥–Ω–æ–π –≤–æ–¥–µ, —á—Ç–æ–±—ã –±—Ä–æ–∫–∫–æ–ª–∏ —Å–æ—Ö—Ä–∞–Ω–∏–ª–∞ —è—Ä–∫–∏–π –∑–µ–ª—ë–Ω—ã–π —Ü–≤–µ—Ç.
–ü—Ä–æ–º–æ–π—Ç–µ –ø–µ—Ä–µ—Ü, —É–¥–∞–ª–∏—Ç–µ —Å–µ—Ä–¥—Ü–µ–≤–∏–Ω—É –∏ —Å–µ–º–µ–Ω–∞. –ù–∞—Ä–µ–∂—å—Ç–µ –ø–æ–ª–æ—Å–∫–∞–º–∏ –∏–ª–∏ –∫—É–±–∏–∫–∞–º–∏.
–ü—Ä–æ–º–æ–π—Ç–µ –∏ –º–µ–ª–∫–æ –Ω–∞—Ä–µ–∂—å—Ç–µ –ø–µ—Ç—Ä—É—à–∫—É –∏–ª–∏ —É–∫—Ä–æ–ø, –µ—Å–ª–∏ –∏—Å–ø–æ–ª—å–∑—É–µ—Ç–µ.
–í –≥–ª—É–±–æ–∫–æ–π –º–∏—Å–∫–µ —Å–º–µ—à–∞–π—Ç–µ –±—Ä–æ–∫–∫–æ–ª–∏ –∏ –±–æ–ª–≥–∞—Ä—Å–∫–∏–π –ø–µ—Ä–µ—Ü.
–ü–æ–ª–µ–π—Ç–µ –æ–≤–æ—â–∏ –ª–∏–º–æ–Ω–Ω—ã–º —Å–æ–∫–æ–º –∏ –æ–ª–∏–≤–∫–æ–≤—ã–º –º–∞—Å–ª–æ–º. –î–æ–±–∞–≤—å—Ç–µ —â–µ–ø–æ—Ç–∫—É —Å–æ–ª–∏ –∏ –∑–µ–ª–µ–Ω—å (–µ—Å–ª–∏ –∏—Å–ø–æ–ª—å–∑—É–µ—Ç–µ).
–í—ã–ª–æ–∂–∏—Ç–µ —Å–∞–ª–∞—Ç –Ω–∞ —Ç–∞—Ä–µ–ª–∫—É –∏ –ø–æ–¥–∞–≤–∞–π—Ç–µ –∫–∞–∫ –ª—ë–≥–∫–æ–µ, –ø–æ–ª–µ–∑–Ω–æ–µ –±–ª—é–¥–æ.",—Å–∞–ª–∞—Ç,–æ–≤–æ—â–Ω–æ–π,—Å–∞–ª–∞—Ç
61,–°–∞–ª–∞—Ç —Å –∫—É—Ä–∏—Ü–µ–π –∏ —Ç—ã–∫–≤–æ–π,"–ö—É—Ä–∏–Ω–æ–µ —Ñ–∏–ª–µ (–æ—Ç–≤–∞—Ä–Ω–æ–µ –∏–ª–∏ –ø—Ä–∏–≥–æ—Ç–æ–≤–ª–µ–Ω–Ω–æ–µ –Ω–∞ –ø–∞—Ä—É) ‚Äî 100 –≥
üéÉ –¢—ã–∫–≤–∞ (—Å–≤–µ–∂–∞—è –∏–ª–∏ –∑–∞–ø–µ—á—ë–Ω–Ω–∞—è) ‚Äî 80 –≥
–õ–∏—Å—Ç—å—è —Å–∞–ª–∞—Ç–∞ (–ª–∞—Ç—É–∫ –∏–ª–∏ –∞–π—Å–±–µ—Ä–≥) ‚Äî 50 –≥
üßà –û–ª–∏–≤–∫–æ–≤–æ–µ –º–∞—Å–ª–æ ‚Äî 1 —á. –ª.
–õ–∏–º–æ–Ω–Ω—ã–π —Å–æ–∫ ‚Äî 1 —á. –ª.
üßÇ –°–æ–ª—å ‚Äî —â–µ–ø–æ—Ç–∫–∞
üåø –ó–µ–ª–µ–Ω—å (—É–∫—Ä–æ–ø, –ø–µ—Ç—Ä—É—à–∫–∞) ‚Äî –ø–æ –∂–µ–ª–∞–Ω–∏—é","–û—Ç–≤–∞—Ä–∏—Ç–µ –∏–ª–∏ –ø—Ä–∏–≥–æ—Ç–æ–≤—å—Ç–µ –Ω–∞ –ø–∞—Ä—É –∫—É—Ä–∏–Ω–æ–µ —Ñ–∏–ª–µ, –æ—Å—Ç—É–¥–∏—Ç–µ –∏ –Ω–∞—Ä–µ–∂—å—Ç–µ —Ç–æ–Ω–∫–∏–º–∏ –ª–æ–º—Ç–∏–∫–∞–º–∏ –∏–ª–∏ –Ω–µ–±–æ–ª—å—à–∏–º–∏ –∫—É–±–∏–∫–∞–º–∏.
–ï—Å–ª–∏ —Ç—ã–∫–≤–∞ —Å—ã—Ä–∞—è, –Ω–∞—Ä–µ–∂—å—Ç–µ –µ—ë –Ω–µ–±–æ–ª—å—à–∏–º–∏ –∫—É–±–∏–∫–∞–º–∏ –∏ –∑–∞–ø–µ–∫–∏—Ç–µ –≤ –¥—É—Ö–æ–≤–∫–µ –ø—Ä–∏ 180¬∞C –æ–∫–æ–ª–æ 15‚Äì20 –º–∏–Ω—É—Ç –¥–æ –º—è–≥–∫–æ—Å—Ç–∏. –û—Ö–ª–∞–¥–∏—Ç–µ.
–ü—Ä–æ–º–æ–π—Ç–µ –ª–∏—Å—Ç—å—è —Å–∞–ª–∞—Ç–∞, –æ–±—Å—É—à–∏—Ç–µ –∏ –ø–æ—Ä–≤–∏—Ç–µ –Ω–∞ –∫—Ä—É–ø–Ω—ã–µ –∫—É—Å–æ—á–∫–∏.
–í –≥–ª—É–±–æ–∫–æ–π –º–∏—Å–∫–µ —Å–º–µ—à–∞–π—Ç–µ –∫—É—Ä–∏—Ü—É, —Ç—ã–∫–≤—É –∏ –ª–∏—Å—Ç—å—è —Å–∞–ª–∞—Ç–∞.
–ü–æ–ª–µ–π—Ç–µ —Å–∞–ª–∞—Ç –æ–ª–∏–≤–∫–æ–≤—ã–º –º–∞—Å–ª–æ–º –∏ –ª–∏–º–æ–Ω–Ω—ã–º —Å–æ–∫–æ–º, –¥–æ–±–∞–≤—å—Ç–µ —â–µ–ø–æ—Ç–∫—É —Å–æ–ª–∏.
–í—ã–ª–æ–∂–∏—Ç–µ —Å–∞–ª–∞—Ç –Ω–∞ —Ç–∞—Ä–µ–ª–∫—É. –ü–æ –∂–µ–ª–∞–Ω–∏—é —É–∫—Ä–∞—Å—å—Ç–µ —Å–≤–µ–∂–µ–π –∑–µ–ª–µ–Ω—å—é.",—Å–∞–ª–∞—Ç,–∫—É—Ä–∏—Ü–∞,—Å–∞–ª–∞—Ç
62,–°–∞–ª–∞—Ç —Å –æ–≥—É—Ä—Ü–∞–º–∏ –∏ –∞–≤–æ–∫–∞–¥–æ,"ü•í –û–≥—É—Ä–µ—Ü (—Å–≤–µ–∂–∏–π) ‚Äî 100 –≥
–ê–≤–æ–∫–∞–¥–æ (—Å–ø–µ–ª—ã–π) ‚Äî 50 –≥
ü•¨ –õ–∏—Å—Ç—å—è —Å–∞–ª–∞—Ç–∞ (–ª–∞—Ç—É–∫, –∞–π—Å–±–µ—Ä–≥ –∏–ª–∏ —à–ø–∏–Ω–∞—Ç) ‚Äî 50 –≥
üßà –û–ª–∏–≤–∫–æ–≤–æ–µ –º–∞—Å–ª–æ ‚Äî 1 —á. –ª.
–õ–∏–º–æ–Ω–Ω—ã–π —Å–æ–∫ ‚Äî 1 —á. –ª.
üßÇ –°–æ–ª—å ‚Äî —â–µ–ø–æ—Ç–∫–∞
üåø –ó–µ–ª–µ–Ω—å (—É–∫—Ä–æ–ø, –ø–µ—Ç—Ä—É—à–∫–∞) ‚Äî –ø–æ –∂–µ–ª–∞–Ω–∏—é","–û–≥—É—Ä–µ—Ü –ø—Ä–æ–º–æ–π—Ç–µ –∏ –Ω–∞—Ä–µ–∂—å—Ç–µ —Ç–æ–Ω–∫–∏–º–∏ –∫—Ä—É–∂–∫–∞–º–∏ –∏–ª–∏ –ø–æ–ª—É–∫—Ä—É–∂–∫–∞–º–∏.
–ê–≤–æ–∫–∞–¥–æ —Ä–∞–∑—Ä–µ–∂—å—Ç–µ –ø–æ–ø–æ–ª–∞–º, —É–¥–∞–ª–∏—Ç–µ –∫–æ—Å—Ç–æ—á–∫—É, –æ—á–∏—Å—Ç–∏—Ç–µ –∫–æ–∂—É—Ä—É –∏ –Ω–∞—Ä–µ–∂—å—Ç–µ –Ω–µ–±–æ–ª—å—à–∏–º–∏ –∫—É–±–∏–∫–∞–º–∏.
–õ–∏—Å—Ç—å—è —Å–∞–ª–∞—Ç–∞ –ø—Ä–æ–º–æ–π—Ç–µ, –æ–±—Å—É—à–∏—Ç–µ –∏ –ø–æ—Ä–≤–∏—Ç–µ –Ω–∞ –∫—Ä—É–ø–Ω—ã–µ –∫—É—Å–æ—á–∫–∏.
–í –º–∏—Å–∫–µ —Å–º–µ—à–∞–π—Ç–µ –Ω–∞—Ä–µ–∑–∞–Ω–Ω—ã–µ –æ–≥—É—Ä—Ü—ã, –∞–≤–æ–∫–∞–¥–æ –∏ –ª–∏—Å—Ç—å—è —Å–∞–ª–∞—Ç–∞.
–ü–æ–ª–µ–π—Ç–µ —Å–º–µ—Å—å –æ–ª–∏–≤–∫–æ–≤—ã–º –º–∞—Å–ª–æ–º –∏ –ª–∏–º–æ–Ω–Ω—ã–º —Å–æ–∫–æ–º, —Å–ª–µ–≥–∫–∞ –ø–æ—Å–æ–ª–∏—Ç–µ.
–í—ã–ª–æ–∂–∏—Ç–µ —Å–∞–ª–∞—Ç –Ω–∞ —Ç–∞—Ä–µ–ª–∫—É, —É–∫—Ä–∞—Å—å—Ç–µ –º–µ–ª–∫–æ –Ω–∞—Ä–µ–∑–∞–Ω–Ω–æ–π –∑–µ–ª–µ–Ω—å—é.",—Å–∞–ª–∞—Ç,–æ–≤–æ—â–Ω–æ–π,—Å–∞–ª–∞—Ç
63,–°–∞–ª–∞—Ç –∏–∑ —Å–≤–µ–∂–∏—Ö –æ–≤–æ—â–µ–π —Å –ø–æ–º–∏–¥–æ—Ä–∞–º–∏,"–ü–æ–º–∏–¥–æ—Ä—ã (—Å–≤–µ–∂–∏–µ) ‚Äî 100 –≥
–û–≥—É—Ä—Ü—ã (—Å–≤–µ–∂–∏–µ) ‚Äî 100 –≥
üå∂Ô∏è –ë–æ–ª–≥–∞—Ä—Å–∫–∏–π –ø–µ—Ä–µ—Ü ‚Äî 50 –≥
–õ–∏—Å—Ç—å—è —Å–∞–ª–∞—Ç–∞ (–ª–∞—Ç—É–∫ –∏–ª–∏ –∞–π—Å–±–µ—Ä–≥) ‚Äî 50 –≥
üßà –û–ª–∏–≤–∫–æ–≤–æ–µ –º–∞—Å–ª–æ ‚Äî 1 —á. –ª.
üßÇ –°–æ–ª—å ‚Äî —â–µ–ø–æ—Ç–∫–∞
üåø –ó–µ–ª–µ–Ω—å (—É–∫—Ä–æ–ø, –ø–µ—Ç—Ä—É—à–∫–∞, –±–∞–∑–∏–ª–∏–∫) ‚Äî –ø–æ –∂–µ–ª–∞–Ω–∏—é","–ü–æ–º–∏–¥–æ—Ä—ã –ø—Ä–æ–º–æ–π—Ç–µ –∏ –Ω–∞—Ä–µ–∂—å—Ç–µ –∫—Ä—É–ø–Ω—ã–º–∏ –¥–æ–ª—å–∫–∞–º–∏.
–û–≥—É—Ä—Ü—ã –≤—ã–º–æ–π—Ç–µ –∏ –Ω–∞—Ä–µ–∂—å—Ç–µ –∫—Ä—É–∂–æ—á–∫–∞–º–∏ –∏–ª–∏ –ø–æ–ª—É–∫—Ä—É–∂–∫–∞–º–∏.
–ë–æ–ª–≥–∞—Ä—Å–∫–∏–π –ø–µ—Ä–µ—Ü –æ—á–∏—Å—Ç–∏—Ç–µ –æ—Ç —Å–µ–º—è–Ω –∏ –Ω–∞—Ä–µ–∂—å—Ç–µ —Ç–æ–Ω–∫–∏–º–∏ –ø–æ–ª–æ—Å–∫–∞–º–∏.
–õ–∏—Å—Ç—å—è —Å–∞–ª–∞—Ç–∞ –ø—Ä–æ–º–æ–π—Ç–µ, –æ–±—Å—É—à–∏—Ç–µ –∏ –ø–æ—Ä–≤–∏—Ç–µ –Ω–∞ –∫—Ä—É–ø–Ω—ã–µ –∫—É—Å–æ—á–∫–∏.
–í —Å–∞–ª–∞—Ç–Ω–∏–∫–µ —Å–æ–µ–¥–∏–Ω–∏—Ç–µ –ø–æ–º–∏–¥–æ—Ä—ã, –æ–≥—É—Ä—Ü—ã, –±–æ–ª–≥–∞—Ä—Å–∫–∏–π –ø–µ—Ä–µ—Ü –∏ –ª–∏—Å—Ç—å—è —Å–∞–ª–∞—Ç–∞.
–ü–æ–ª–µ–π—Ç–µ –æ–≤–æ—â–∏ –æ–ª–∏–≤–∫–æ–≤—ã–º –º–∞—Å–ª–æ–º, —Å–ª–µ–≥–∫–∞ –ø–æ—Å–æ–ª–∏—Ç–µ.
–ü–µ—Ä–µ–º–µ—à–∞–π—Ç–µ —Å–∞–ª–∞—Ç, –≤—ã–ª–æ–∂–∏—Ç–µ –Ω–∞ —Ç–∞—Ä–µ–ª–∫—É –∏ —É–∫—Ä–∞—Å—å—Ç–µ —Å–≤–µ–∂–µ–π –∑–µ–ª–µ–Ω—å—é.",—Å–∞–ª–∞—Ç,–æ–≤–æ—â–Ω–æ–π,—Å–∞–ª–∞—Ç
